timestamp,price,d40_high,d40_low,atr,dist_to_high_pct,dist_to_low_pct,has_position
2026-07-03T10:43:07.884Z,1740.33,1725.63,1602.71,13.47,-0.84,7.91,0
2026-07-05T00:57:45.324Z,1769.90,1798.83,1719.10,13.30,1.63,2.87,0
2026-07-05T00:58:45.325Z,1771.18,1798.83,1719.10,13.30,1.56,2.94,0
2026-07-05T00:59:45.325Z,1772.00,1798.83,1719.10,13.30,1.51,2.99,0
2026-07-05T01:00:45.333Z,1772.54,1798.83,1725.63,13.05,1.48,2.65,0
2026-07-05T01:01:45.324Z,1772.70,1798.83,1725.63,13.05,1.47,2.66,0
2026-07-05T01:02:45.324Z,1773.34,1798.83,1725.63,13.13,1.44,2.69,0
2026-07-05T01:03:45.322Z,1773.01,1798.83,1725.63,13.14,1.46,2.67,0
2026-07-05T01:04:45.323Z,1772.81,1798.83,1725.63,13.14,1.47,2.66,0
2026-07-05T01:05:45.325Z,1770.61,1798.83,1725.63,13.23,1.59,2.54,0
2026-07-05T01:06:45.326Z,1773.48,1798.83,1725.63,13.30,1.43,2.70,0
2026-07-05T01:07:45.326Z,1772.99,1798.83,1725.63,13.30,1.46,2.67,0
2026-07-05T01:08:45.328Z,1772.28,1798.83,1725.63,13.30,1.50,2.63,0
2026-07-05T01:09:45.330Z,1771.71,1798.83,1725.63,13.30,1.53,2.60,0
2026-07-05T01:10:45.331Z,1771.48,1798.83,1725.63,13.30,1.54,2.59,0
2026-07-05T01:11:45.332Z,1771.81,1798.83,1725.63,13.30,1.52,2.61,0
2026-07-05T01:12:45.330Z,1771.21,1798.83,1725.63,13.30,1.56,2.57,0
2026-07-05T01:13:45.328Z,1771.31,1798.83,1725.63,13.30,1.55,2.58,0
2026-07-05T01:14:45.322Z,1770.96,1798.83,1725.63,13.30,1.57,2.56,0
2026-07-05T01:15:45.330Z,1770.77,1798.83,1725.63,13.30,1.58,2.55,0
2026-07-05T01:16:45.330Z,1769.66,1798.83,1725.63,13.30,1.65,2.49,0
2026-07-05T01:17:45.328Z,1765.81,1798.83,1725.63,13.60,1.87,2.28,0
2026-07-05T01:18:45.330Z,1765.92,1798.83,1725.63,13.73,1.86,2.28,0
2026-07-05T01:19:45.332Z,1764.37,1798.83,1725.63,13.73,1.95,2.20,0
2026-07-05T01:20:45.329Z,1765.89,1798.83,1725.63,13.77,1.87,2.28,0
2026-07-05T01:21:45.329Z,1765.16,1798.83,1725.63,13.77,1.91,2.24,0
2026-07-05T01:22:45.333Z,1764.99,1798.83,1725.63,13.77,1.92,2.23,0
2026-07-05T01:23:45.335Z,1764.33,1798.83,1725.63,13.77,1.96,2.19,0
2026-07-05T01:24:45.348Z,1765.04,1798.83,1725.63,13.77,1.91,2.23,0
2026-07-05T01:25:45.344Z,1764.38,1798.83,1725.63,13.77,1.95,2.20,0
2026-07-05T01:26:45.344Z,1766.47,1798.83,1725.63,13.77,1.83,2.31,0
2026-07-05T01:27:45.345Z,1766.86,1798.83,1725.63,13.77,1.81,2.33,0
2026-07-05T01:28:45.342Z,1768.01,1798.83,1725.63,13.77,1.74,2.40,0
2026-07-05T01:29:45.341Z,1767.74,1798.83,1725.63,13.77,1.76,2.38,0
2026-07-05T01:30:45.344Z,1766.01,1798.83,1725.63,13.77,1.86,2.29,0
2026-07-05T01:31:45.344Z,1763.57,1798.83,1725.63,13.77,2.00,2.15,0
2026-07-05T01:32:45.344Z,1764.84,1798.83,1725.63,13.77,1.93,2.22,0
2026-07-05T01:33:45.349Z,1760.60,1798.83,1725.63,13.97,2.17,1.99,0
2026-07-05T01:34:45.345Z,1760.99,1798.83,1725.63,13.97,2.15,2.01,0
2026-07-05T01:35:45.353Z,1763.42,1798.83,1725.63,13.97,2.01,2.14,0
2026-07-05T01:36:45.347Z,1763.51,1798.83,1725.63,13.97,2.00,2.15,0
2026-07-05T01:37:45.358Z,1762.28,1798.83,1725.63,13.97,2.07,2.08,0
2026-07-05T01:38:45.349Z,1762.79,1798.83,1725.63,13.97,2.04,2.11,0
2026-07-05T01:39:45.352Z,1764.21,1798.83,1725.63,13.97,1.96,2.19,0
2026-07-05T01:40:45.347Z,1764.05,1798.83,1725.63,13.97,1.97,2.18,0
2026-07-05T01:41:45.350Z,1764.62,1798.83,1725.63,13.97,1.94,2.21,0
2026-07-05T01:42:45.350Z,1764.57,1798.83,1725.63,13.97,1.94,2.21,0
2026-07-05T01:43:45.348Z,1765.10,1798.83,1725.63,13.97,1.91,2.24,0
2026-07-05T01:44:45.353Z,1764.73,1798.83,1725.63,13.97,1.93,2.22,0
2026-07-05T01:45:45.358Z,1765.15,1798.83,1725.63,13.97,1.91,2.24,0
2026-07-05T01:46:45.353Z,1765.08,1798.83,1725.63,13.97,1.91,2.24,0
2026-07-05T01:47:45.356Z,1764.64,1798.83,1725.63,13.97,1.94,2.21,0
2026-07-05T01:48:45.359Z,1764.57,1798.83,1725.63,13.97,1.94,2.21,0
2026-07-05T01:49:45.358Z,1763.59,1798.83,1725.63,13.97,2.00,2.15,0
2026-07-05T01:50:45.358Z,1764.63,1798.83,1725.63,13.97,1.94,2.21,0
2026-07-05T01:51:45.354Z,1765.51,1798.83,1725.63,13.97,1.89,2.26,0
2026-07-05T01:52:45.358Z,1765.55,1798.83,1725.63,13.97,1.88,2.26,0
2026-07-05T01:53:45.352Z,1765.55,1798.83,1725.63,13.97,1.88,2.26,0
2026-07-05T01:54:45.350Z,1766.11,1798.83,1725.63,13.97,1.85,2.29,0
2026-07-05T01:55:45.358Z,1765.50,1798.83,1725.63,13.97,1.89,2.26,0
2026-07-05T01:56:45.361Z,1765.97,1798.83,1725.63,13.97,1.86,2.28,0
2026-07-05T01:57:45.360Z,1766.27,1798.83,1725.63,13.97,1.84,2.30,0
2026-07-05T01:58:45.356Z,1766.00,1798.83,1725.63,13.97,1.86,2.29,0
2026-07-05T01:59:45.359Z,1765.75,1798.83,1725.63,13.97,1.87,2.27,0
2026-07-05T02:00:45.359Z,1766.71,1798.83,1730.37,13.45,1.82,2.06,0
2026-07-05T02:01:45.357Z,1765.15,1798.83,1730.37,13.51,1.91,1.97,0
2026-07-05T02:02:45.365Z,1764.53,1798.83,1730.37,13.57,1.94,1.94,0
2026-07-05T02:03:45.363Z,1764.29,1798.83,1730.37,13.58,1.96,1.92,0
2026-07-05T02:04:45.362Z,1764.20,1798.83,1730.37,13.58,1.96,1.92,0
2026-07-05T02:05:45.360Z,1763.78,1798.83,1730.37,13.62,1.99,1.89,0
2026-07-05T02:06:45.365Z,1763.20,1798.83,1730.37,13.65,2.02,1.86,0
2026-07-05T02:07:45.366Z,1762.48,1798.83,1730.37,13.70,2.06,1.82,0
2026-07-05T02:08:45.367Z,1763.03,1798.83,1730.37,13.70,2.03,1.85,0
2026-07-05T02:09:45.373Z,1763.02,1798.83,1730.37,13.70,2.03,1.85,0
2026-07-05T02:10:45.364Z,1762.38,1798.83,1730.37,13.77,2.07,1.82,0
2026-07-05T02:11:45.370Z,1762.03,1798.83,1730.37,13.77,2.09,1.80,0
2026-07-05T02:12:45.364Z,1761.10,1798.83,1730.37,13.82,2.14,1.74,0
2026-07-05T02:13:45.368Z,1758.50,1798.83,1730.37,14.01,2.29,1.60,0
2026-07-05T02:14:45.370Z,1759.82,1798.83,1730.37,14.01,2.22,1.67,0
2026-07-05T02:15:45.374Z,1758.21,1798.83,1730.37,14.02,2.31,1.58,0
2026-07-05T02:16:45.373Z,1757.25,1798.83,1730.37,14.12,2.37,1.53,0
2026-07-05T02:17:45.370Z,1756.99,1798.83,1730.37,14.15,2.38,1.52,0
2026-07-05T02:18:45.370Z,1759.18,1798.83,1730.37,14.15,2.25,1.64,0
2026-07-05T02:19:45.371Z,1761.27,1798.83,1730.37,14.15,2.13,1.75,0
2026-07-05T02:20:45.373Z,1762.47,1798.83,1730.37,14.15,2.06,1.82,0
2026-07-05T02:21:45.372Z,1761.43,1798.83,1730.37,14.15,2.12,1.76,0
2026-07-05T02:22:45.373Z,1761.84,1798.83,1730.37,14.15,2.10,1.79,0
2026-07-05T02:23:45.370Z,1761.16,1798.83,1730.37,14.15,2.14,1.75,0
2026-07-05T02:24:45.368Z,1761.05,1798.83,1730.37,14.15,2.15,1.74,0
2026-07-05T02:25:45.381Z,1760.21,1798.83,1730.37,14.15,2.19,1.70,0
2026-07-05T02:26:45.373Z,1761.57,1798.83,1730.37,14.15,2.12,1.77,0
2026-07-05T02:27:45.376Z,1761.24,1798.83,1730.37,14.15,2.13,1.75,0
2026-07-05T02:28:45.370Z,1762.18,1798.83,1730.37,14.15,2.08,1.81,0
2026-07-05T02:29:45.380Z,1763.68,1798.83,1730.37,14.15,1.99,1.89,0
2026-07-05T02:30:45.373Z,1762.24,1798.83,1730.37,14.15,2.08,1.81,0
2026-07-05T02:31:45.375Z,1762.14,1798.83,1730.37,14.15,2.08,1.80,0
2026-07-05T02:32:45.371Z,1763.66,1798.83,1730.37,14.15,1.99,1.89,0
2026-07-05T02:33:45.374Z,1764.07,1798.83,1730.37,14.15,1.97,1.91,0
2026-07-05T02:34:45.374Z,1764.73,1798.83,1730.37,14.15,1.93,1.95,0
2026-07-05T02:35:45.378Z,1764.52,1798.83,1730.37,14.15,1.94,1.94,0
2026-07-05T02:36:45.378Z,1763.95,1798.83,1730.37,14.15,1.98,1.90,0
2026-07-05T02:37:45.376Z,1763.60,1798.83,1730.37,14.15,2.00,1.88,0
2026-07-05T02:38:45.376Z,1763.36,1798.83,1730.37,14.15,2.01,1.87,0
2026-07-05T02:39:45.379Z,1762.74,1798.83,1730.37,14.15,2.05,1.84,0
2026-07-05T02:40:45.406Z,1762.85,1798.83,1730.37,14.15,2.04,1.84,0
2026-07-05T02:41:45.381Z,1763.69,1798.83,1730.37,14.15,1.99,1.89,0
2026-07-05T02:42:45.379Z,1761.00,1798.83,1730.37,14.15,2.15,1.74,0
2026-07-05T02:43:45.383Z,1759.07,1798.83,1730.37,14.15,2.26,1.63,0
2026-07-05T02:44:45.386Z,1757.56,1798.83,1730.37,14.15,2.35,1.55,0
2026-07-05T02:45:45.383Z,1758.39,1798.83,1730.37,14.16,2.30,1.59,0
2026-07-05T02:46:45.382Z,1758.78,1798.83,1730.37,14.16,2.28,1.62,0
2026-07-05T02:47:45.381Z,1758.85,1798.83,1730.37,14.16,2.27,1.62,0
2026-07-05T02:48:45.385Z,1757.63,1798.83,1730.37,14.16,2.34,1.55,0
2026-07-05T02:49:45.384Z,1757.41,1798.83,1730.37,14.16,2.36,1.54,0
2026-07-05T02:50:45.388Z,1758.51,1798.83,1730.37,14.16,2.29,1.60,0
2026-07-05T02:51:45.384Z,1760.40,1798.83,1730.37,14.16,2.18,1.71,0
2026-07-05T02:52:45.384Z,1758.75,1798.83,1730.37,14.16,2.28,1.61,0
2026-07-05T02:53:45.386Z,1758.70,1798.83,1730.37,14.16,2.28,1.61,0
2026-07-05T02:54:45.385Z,1758.84,1798.83,1730.37,14.16,2.27,1.62,0
2026-07-05T02:55:45.459Z,1758.87,1798.83,1730.37,14.16,2.27,1.62,0
2026-07-05T02:56:45.384Z,1759.35,1798.83,1730.37,14.16,2.24,1.65,0
2026-07-05T02:57:45.385Z,1759.27,1798.83,1730.37,14.16,2.25,1.64,0
2026-07-05T02:58:45.381Z,1759.51,1798.83,1730.37,14.16,2.23,1.66,0
2026-07-05T02:59:45.383Z,1760.08,1798.83,1730.37,14.16,2.20,1.69,0
2026-07-05T03:00:45.384Z,1760.25,1798.83,1730.37,12.92,2.19,1.70,0
2026-07-05T03:01:45.383Z,1760.08,1798.83,1730.37,12.97,2.20,1.69,0
2026-07-05T03:02:45.383Z,1759.47,1798.83,1730.37,13.01,2.24,1.65,0
2026-07-05T03:03:45.384Z,1759.35,1798.83,1730.37,13.01,2.24,1.65,0
2026-07-05T03:04:45.384Z,1760.69,1798.83,1730.37,13.01,2.17,1.72,0
2026-07-05T03:05:45.390Z,1761.34,1798.83,1730.37,13.05,2.13,1.76,0
2026-07-05T03:06:45.385Z,1761.77,1798.83,1730.37,13.08,2.10,1.78,0
2026-07-05T03:07:45.387Z,1762.21,1798.83,1730.37,13.10,2.08,1.81,0
2026-07-05T03:08:45.384Z,1762.18,1798.83,1730.37,13.12,2.08,1.81,0
2026-07-05T03:09:45.386Z,1762.21,1798.83,1730.37,13.15,2.08,1.81,0
2026-07-05T03:10:45.388Z,1762.13,1798.83,1730.37,13.15,2.08,1.80,0
2026-07-05T03:11:45.384Z,1761.89,1798.83,1730.37,13.15,2.10,1.79,0
2026-07-05T03:12:45.385Z,1761.83,1798.83,1730.37,13.15,2.10,1.79,0
2026-07-05T03:13:45.393Z,1762.49,1798.83,1730.37,13.15,2.06,1.82,0
2026-07-05T03:14:45.388Z,1762.60,1798.83,1730.37,13.15,2.06,1.83,0
2026-07-05T03:15:45.392Z,1762.79,1798.83,1730.37,13.15,2.04,1.84,0
2026-07-05T03:16:45.387Z,1761.80,1798.83,1730.37,13.17,2.10,1.78,0
2026-07-05T03:17:45.392Z,1761.87,1798.83,1730.37,13.17,2.10,1.79,0
2026-07-05T03:18:45.394Z,1761.69,1798.83,1730.37,13.17,2.11,1.78,0
2026-07-05T03:19:45.384Z,1761.12,1798.83,1730.37,13.17,2.14,1.75,0
2026-07-05T03:20:45.390Z,1759.66,1798.83,1730.37,13.17,2.23,1.66,0
2026-07-05T03:21:45.390Z,1757.66,1798.83,1730.37,13.32,2.34,1.55,0
2026-07-05T03:22:45.386Z,1757.81,1798.83,1730.37,13.36,2.33,1.56,0
2026-07-05T03:23:45.387Z,1757.40,1798.83,1730.37,13.36,2.36,1.54,0
2026-07-05T03:24:45.390Z,1759.49,1798.83,1730.37,13.36,2.24,1.66,0
2026-07-05T03:25:45.392Z,1758.73,1798.83,1730.37,13.36,2.28,1.61,0
2026-07-05T03:26:45.395Z,1757.98,1798.83,1730.37,13.36,2.32,1.57,0
2026-07-05T03:27:45.392Z,1758.31,1798.83,1730.37,13.36,2.30,1.59,0
2026-07-05T03:28:45.397Z,1758.05,1798.83,1730.37,13.36,2.32,1.57,0
2026-07-05T03:29:45.396Z,1757.67,1798.83,1730.37,13.36,2.34,1.55,0
2026-07-05T03:30:45.391Z,1758.82,1798.83,1730.37,13.36,2.27,1.62,0
2026-07-05T03:31:45.397Z,1758.77,1798.83,1730.37,13.36,2.28,1.61,0
2026-07-05T03:32:45.393Z,1759.91,1798.83,1730.37,13.36,2.21,1.68,0
2026-07-05T03:33:45.388Z,1759.09,1798.83,1730.37,13.36,2.26,1.63,0
2026-07-05T03:34:45.396Z,1758.30,1798.83,1730.37,13.36,2.31,1.59,0
2026-07-05T03:35:45.394Z,1759.95,1798.83,1730.37,13.36,2.21,1.68,0
2026-07-05T03:36:45.400Z,1760.01,1798.83,1730.37,13.36,2.21,1.68,0
2026-07-05T03:37:45.397Z,1760.63,1798.83,1730.37,13.36,2.17,1.72,0
2026-07-05T03:38:45.397Z,1761.61,1798.83,1730.37,13.36,2.11,1.77,0
2026-07-05T03:39:45.394Z,1761.55,1798.83,1730.37,13.36,2.12,1.77,0
2026-07-05T03:40:45.397Z,1761.35,1798.83,1730.37,13.36,2.13,1.76,0
2026-07-05T03:41:45.394Z,1761.32,1798.83,1730.37,13.36,2.13,1.76,0
2026-07-05T03:42:45.405Z,1761.28,1798.83,1730.37,13.36,2.13,1.75,0
2026-07-05T03:43:45.403Z,1760.11,1798.83,1730.37,13.36,2.20,1.69,0
2026-07-05T03:44:45.400Z,1759.83,1798.83,1730.37,13.36,2.22,1.67,0
2026-07-05T03:45:45.405Z,1759.94,1798.83,1730.37,13.36,2.21,1.68,0
2026-07-05T03:46:45.397Z,1761.25,1798.83,1730.37,13.36,2.13,1.75,0
2026-07-05T03:47:45.395Z,1761.47,1798.83,1730.37,13.36,2.12,1.77,0
2026-07-05T03:48:45.395Z,1761.32,1798.83,1730.37,13.36,2.13,1.76,0
2026-07-05T03:49:45.438Z,1761.36,1798.83,1730.37,13.36,2.13,1.76,0
2026-07-05T03:50:45.399Z,1761.44,1798.83,1730.37,13.36,2.12,1.76,0
2026-07-05T03:51:45.402Z,1761.80,1798.83,1730.37,13.36,2.10,1.78,0
2026-07-05T03:52:45.402Z,1761.01,1798.83,1730.37,13.36,2.15,1.74,0
2026-07-05T03:53:45.400Z,1760.54,1798.83,1730.37,13.36,2.17,1.71,0
2026-07-05T03:54:45.404Z,1761.00,1798.83,1730.37,13.36,2.15,1.74,0
2026-07-05T03:55:45.544Z,1761.49,1798.83,1730.37,13.36,2.12,1.77,0
2026-07-05T03:56:45.410Z,1761.84,1798.83,1730.37,13.36,2.10,1.79,0
2026-07-05T03:57:45.407Z,1761.10,1798.83,1730.37,13.36,2.14,1.74,0
2026-07-05T03:58:45.408Z,1761.43,1798.83,1730.37,13.36,2.12,1.76,0
2026-07-05T03:59:45.406Z,1760.69,1798.83,1730.37,13.36,2.17,1.72,0
2026-07-05T04:00:45.405Z,1759.57,1798.83,1730.37,12.67,2.23,1.66,0
2026-07-05T04:01:45.409Z,1759.45,1798.83,1730.37,12.67,2.24,1.65,0
2026-07-05T04:02:45.404Z,1759.71,1798.83,1730.37,12.67,2.22,1.67,0
2026-07-05T04:03:45.407Z,1760.34,1798.83,1730.37,12.67,2.19,1.70,0
2026-07-05T04:04:45.417Z,1760.68,1798.83,1730.37,12.67,2.17,1.72,0
2026-07-05T04:05:45.412Z,1761.47,1798.83,1730.37,12.77,2.12,1.77,0
2026-07-05T04:06:45.407Z,1760.20,1798.83,1730.37,12.77,2.19,1.69,0
2026-07-05T04:07:45.405Z,1762.06,1798.83,1730.37,12.78,2.09,1.80,0
2026-07-05T04:08:45.409Z,1762.77,1798.83,1730.37,12.83,2.05,1.84,0
2026-07-05T04:09:45.409Z,1763.21,1798.83,1730.37,12.86,2.02,1.86,0
2026-07-05T04:10:45.418Z,1763.36,1798.83,1730.37,12.88,2.01,1.87,0
2026-07-05T04:11:45.410Z,1763.58,1798.83,1730.37,12.89,2.00,1.88,0
2026-07-05T04:12:45.410Z,1764.29,1798.83,1730.37,12.92,1.96,1.92,0
2026-07-05T04:13:45.415Z,1764.11,1798.83,1730.37,13.01,1.97,1.91,0
2026-07-05T04:14:45.412Z,1763.85,1798.83,1730.37,13.01,1.98,1.90,0
2026-07-05T04:15:45.415Z,1764.42,1798.83,1730.37,13.01,1.95,1.93,0
2026-07-05T04:16:45.411Z,1763.70,1798.83,1730.37,13.01,1.99,1.89,0
2026-07-05T04:17:45.417Z,1764.73,1798.83,1730.37,13.01,1.93,1.95,0
2026-07-05T04:18:45.420Z,1764.92,1798.83,1730.37,13.01,1.92,1.96,0
2026-07-05T04:19:45.451Z,1765.48,1798.83,1730.37,13.02,1.89,1.99,0
2026-07-05T04:20:45.415Z,1766.46,1798.83,1730.37,13.08,1.83,2.04,0
2026-07-05T04:21:45.415Z,1766.55,1798.83,1730.37,13.17,1.83,2.05,0
2026-07-05T04:22:45.415Z,1766.62,1798.83,1730.37,13.17,1.82,2.05,0
2026-07-05T04:23:45.410Z,1766.54,1798.83,1730.37,13.17,1.83,2.05,0
2026-07-05T04:24:45.417Z,1766.96,1798.83,1730.37,13.17,1.80,2.07,0
2026-07-05T04:25:45.415Z,1767.14,1798.83,1730.37,13.17,1.79,2.08,0
2026-07-05T04:26:45.413Z,1767.45,1798.83,1730.37,13.17,1.78,2.10,0
2026-07-05T04:27:45.417Z,1766.08,1798.83,1730.37,13.17,1.85,2.02,0
2026-07-05T04:28:45.419Z,1766.70,1798.83,1730.37,13.17,1.82,2.06,0
2026-07-05T04:29:45.415Z,1766.44,1798.83,1730.37,13.17,1.83,2.04,0
2026-07-05T04:30:45.416Z,1766.20,1798.83,1730.37,13.17,1.85,2.03,0
2026-07-05T04:31:45.424Z,1766.94,1798.83,1730.37,13.17,1.80,2.07,0
2026-07-05T04:32:45.413Z,1769.39,1798.83,1730.37,13.37,1.66,2.21,0
2026-07-05T04:33:45.423Z,1770.72,1798.83,1730.37,13.47,1.59,2.28,0
2026-07-05T04:34:45.413Z,1769.32,1798.83,1730.37,13.47,1.67,2.20,0
2026-07-05T04:35:45.412Z,1769.87,1798.83,1730.37,13.47,1.64,2.23,0
2026-07-05T04:36:45.421Z,1769.02,1798.83,1730.37,13.47,1.69,2.18,0
2026-07-05T04:37:45.421Z,1768.82,1798.83,1730.37,13.47,1.70,2.17,0
2026-07-05T04:38:45.453Z,1769.00,1798.83,1730.37,13.47,1.69,2.18,0
2026-07-05T04:39:45.415Z,1769.30,1798.83,1730.37,13.47,1.67,2.20,0
2026-07-05T04:40:45.427Z,1769.01,1798.83,1730.37,13.47,1.69,2.18,0
2026-07-05T04:41:45.419Z,1768.95,1798.83,1730.37,13.47,1.69,2.18,0
2026-07-05T04:42:45.419Z,1770.56,1798.83,1730.37,13.47,1.60,2.27,0
2026-07-05T04:43:45.416Z,1770.76,1798.83,1730.37,13.47,1.59,2.28,0
2026-07-05T04:44:45.418Z,1770.04,1798.83,1730.37,13.47,1.63,2.24,0
2026-07-05T04:45:45.424Z,1770.34,1798.83,1730.37,13.47,1.61,2.26,0
2026-07-05T04:46:45.428Z,1768.97,1798.83,1730.37,13.47,1.69,2.18,0
2026-07-05T04:47:45.427Z,1768.34,1798.83,1730.37,13.47,1.72,2.15,0
2026-07-05T04:48:45.423Z,1768.24,1798.83,1730.37,13.47,1.73,2.14,0
2026-07-05T04:49:45.427Z,1768.71,1798.83,1730.37,13.47,1.70,2.17,0
2026-07-05T04:50:45.460Z,1768.26,1798.83,1730.37,13.47,1.73,2.14,0
2026-07-05T04:51:45.424Z,1768.01,1798.83,1730.37,13.47,1.74,2.13,0
2026-07-05T04:52:45.441Z,1767.40,1798.83,1730.37,13.47,1.78,2.10,0
2026-07-05T04:53:45.428Z,1767.38,1798.83,1730.37,13.47,1.78,2.09,0
2026-07-05T04:54:45.428Z,1766.91,1798.83,1730.37,13.47,1.81,2.07,0
2026-07-05T04:55:45.433Z,1767.09,1798.83,1730.37,13.47,1.80,2.08,0
2026-07-05T04:56:45.428Z,1766.99,1798.83,1730.37,13.47,1.80,2.07,0
2026-07-05T04:57:45.434Z,1767.10,1798.83,1730.37,13.47,1.80,2.08,0
2026-07-05T04:58:45.440Z,1766.84,1798.83,1730.37,13.47,1.81,2.06,0
2026-07-05T04:59:45.434Z,1766.66,1798.83,1730.37,13.47,1.82,2.05,0
2026-07-05T05:00:45.436Z,1766.50,1798.83,1730.37,11.55,1.83,2.05,0
2026-07-05T05:01:45.429Z,1765.76,1798.83,1730.37,11.59,1.87,2.00,0
2026-07-05T05:02:45.435Z,1765.43,1798.83,1730.37,11.61,1.89,1.99,0
2026-07-05T05:03:45.428Z,1765.20,1798.83,1730.37,11.63,1.91,1.97,0
2026-07-05T05:04:45.428Z,1765.40,1798.83,1730.37,11.63,1.89,1.98,0
2026-07-05T05:05:45.428Z,1767.00,1798.83,1730.37,11.64,1.80,2.07,0
2026-07-05T05:06:45.430Z,1765.11,1798.83,1730.37,11.64,1.91,1.97,0
2026-07-05T05:07:45.433Z,1764.82,1798.83,1730.37,11.70,1.93,1.95,0
2026-07-05T05:08:45.432Z,1764.61,1798.83,1730.37,11.70,1.94,1.94,0
2026-07-05T05:09:45.436Z,1764.58,1798.83,1730.37,11.70,1.94,1.94,0
2026-07-05T05:10:45.445Z,1764.67,1798.83,1730.37,11.70,1.94,1.94,0
2026-07-05T05:11:45.435Z,1765.23,1798.83,1730.37,11.70,1.90,1.97,0
2026-07-05T05:12:45.436Z,1765.19,1798.83,1730.37,11.70,1.91,1.97,0
2026-07-05T05:13:45.454Z,1765.38,1798.83,1730.37,11.70,1.89,1.98,0
2026-07-05T05:14:45.440Z,1765.04,1798.83,1730.37,11.70,1.91,1.96,0
2026-07-05T05:15:45.456Z,1764.81,1798.83,1730.37,11.70,1.93,1.95,0
2026-07-05T05:16:45.458Z,1765.29,1798.83,1730.37,11.70,1.90,1.98,0
2026-07-05T05:17:45.444Z,1764.81,1798.83,1730.37,11.70,1.93,1.95,0
2026-07-05T05:18:45.444Z,1764.50,1798.83,1730.37,11.70,1.95,1.93,0
2026-07-05T05:19:45.447Z,1765.62,1798.83,1730.37,11.70,1.88,2.00,0
2026-07-05T05:20:45.449Z,1765.25,1798.83,1730.37,11.70,1.90,1.98,0
2026-07-05T05:21:45.444Z,1764.63,1798.83,1730.37,11.70,1.94,1.94,0
2026-07-05T05:22:45.460Z,1763.76,1798.83,1730.37,11.82,1.99,1.89,0
2026-07-05T05:23:45.447Z,1763.20,1798.83,1730.37,11.82,2.02,1.86,0
2026-07-05T05:24:45.460Z,1762.88,1798.83,1730.37,11.82,2.04,1.84,0
2026-07-05T05:25:45.452Z,1763.23,1798.83,1730.37,11.83,2.02,1.86,0
2026-07-05T05:26:45.454Z,1763.40,1798.83,1730.37,11.83,2.01,1.87,0
2026-07-05T05:27:45.457Z,1763.96,1798.83,1730.37,11.83,1.98,1.90,0
2026-07-05T05:28:45.455Z,1764.24,1798.83,1730.37,11.83,1.96,1.92,0
2026-07-05T05:29:45.452Z,1764.13,1798.83,1730.37,11.83,1.97,1.91,0
2026-07-05T05:30:45.455Z,1764.65,1798.83,1730.37,11.83,1.94,1.94,0
2026-07-05T05:31:45.787Z,1766.07,1798.83,1730.37,11.83,1.85,2.02,0
2026-07-05T05:32:45.459Z,1766.11,1798.83,1730.37,11.83,1.85,2.02,0
2026-07-05T05:33:45.457Z,1763.34,1798.83,1730.37,11.83,2.01,1.87,0
2026-07-05T05:34:45.466Z,1765.00,1798.83,1730.37,11.83,1.92,1.96,0
2026-07-05T05:35:45.467Z,1765.23,1798.83,1730.37,11.83,1.90,1.97,0
2026-07-05T05:36:45.481Z,1764.38,1798.83,1730.37,11.83,1.95,1.93,0
2026-07-05T05:37:45.455Z,1764.52,1798.83,1730.37,11.83,1.94,1.94,0
2026-07-05T05:38:45.463Z,1763.34,1798.83,1730.37,11.83,2.01,1.87,0
2026-07-05T05:39:45.459Z,1763.55,1798.83,1730.37,11.83,2.00,1.88,0
2026-07-05T05:40:45.463Z,1763.03,1798.83,1730.37,11.83,2.03,1.85,0
2026-07-05T05:41:45.457Z,1760.09,1798.83,1730.37,12.00,2.20,1.69,0
2026-07-05T05:42:45.460Z,1760.47,1798.83,1730.37,12.07,2.18,1.71,0
2026-07-05T05:43:45.458Z,1761.16,1798.83,1730.37,12.07,2.14,1.75,0
2026-07-05T05:44:45.461Z,1760.87,1798.83,1730.37,12.07,2.16,1.73,0
2026-07-05T05:45:45.460Z,1761.10,1798.83,1730.37,12.07,2.14,1.74,0
2026-07-05T05:46:45.462Z,1760.99,1798.83,1730.37,12.07,2.15,1.74,0
2026-07-05T05:47:45.467Z,1761.70,1798.83,1730.37,12.07,2.11,1.78,0
2026-07-05T05:48:45.461Z,1761.79,1798.83,1730.37,12.07,2.10,1.78,0
2026-07-05T05:49:45.467Z,1762.51,1798.83,1730.37,12.07,2.06,1.82,0
2026-07-05T05:50:45.468Z,1763.53,1798.83,1730.37,12.07,2.00,1.88,0
2026-07-05T05:51:45.461Z,1763.68,1798.83,1730.37,12.07,1.99,1.89,0
2026-07-05T05:52:45.466Z,1764.38,1798.83,1730.37,12.07,1.95,1.93,0
2026-07-05T05:53:45.461Z,1764.61,1798.83,1730.37,12.07,1.94,1.94,0
2026-07-05T05:54:45.463Z,1764.66,1798.83,1730.37,12.07,1.94,1.94,0
2026-07-05T05:55:45.464Z,1764.90,1798.83,1730.37,12.07,1.92,1.96,0
2026-07-05T05:56:45.462Z,1765.21,1798.83,1730.37,12.07,1.90,1.97,0
2026-07-05T05:57:45.468Z,1764.66,1798.83,1730.37,12.07,1.94,1.94,0
2026-07-05T05:58:45.463Z,1764.60,1798.83,1730.37,12.07,1.94,1.94,0
2026-07-05T05:59:45.466Z,1764.26,1798.83,1730.37,12.07,1.96,1.92,0
2026-07-05T06:00:45.466Z,1764.46,1798.83,1730.37,11.49,1.95,1.93,0
2026-07-05T06:01:45.465Z,1763.84,1798.83,1730.37,11.53,1.98,1.90,0
2026-07-05T06:02:45.468Z,1763.55,1798.83,1730.37,11.55,2.00,1.88,0
2026-07-05T06:03:45.467Z,1762.03,1798.83,1730.37,11.68,2.09,1.80,0
2026-07-05T06:04:45.471Z,1762.66,1798.83,1730.37,11.68,2.05,1.83,0
2026-07-05T06:05:45.465Z,1763.69,1798.83,1730.37,11.68,1.99,1.89,0
2026-07-05T06:06:45.468Z,1763.83,1798.83,1730.37,11.68,1.98,1.90,0
2026-07-05T06:07:45.465Z,1763.33,1798.83,1730.37,11.68,2.01,1.87,0
2026-07-05T06:08:45.466Z,1763.19,1798.83,1730.37,11.68,2.02,1.86,0
2026-07-05T06:09:45.466Z,1763.09,1798.83,1730.37,11.68,2.03,1.86,0
2026-07-05T06:10:45.467Z,1762.22,1798.83,1730.37,11.73,2.08,1.81,0
2026-07-05T06:11:45.471Z,1762.68,1798.83,1730.37,11.73,2.05,1.83,0
2026-07-05T06:12:45.466Z,1762.25,1798.83,1730.37,11.73,2.08,1.81,0
2026-07-05T06:13:45.469Z,1763.11,1798.83,1730.37,11.73,2.03,1.86,0
2026-07-05T06:14:45.492Z,1763.31,1798.83,1730.37,11.73,2.01,1.87,0
2026-07-05T06:15:45.471Z,1763.83,1798.83,1730.37,11.73,1.98,1.90,0
2026-07-05T06:16:45.468Z,1762.60,1798.83,1730.37,11.73,2.06,1.83,0
2026-07-05T06:17:45.472Z,1762.00,1798.83,1730.37,11.73,2.09,1.80,0
2026-07-05T06:18:45.475Z,1762.79,1798.83,1730.37,11.73,2.04,1.84,0
2026-07-05T06:19:45.469Z,1763.98,1798.83,1730.37,11.73,1.98,1.91,0
2026-07-05T06:20:45.473Z,1763.57,1798.83,1730.37,11.73,2.00,1.88,0
2026-07-05T06:21:45.471Z,1763.93,1798.83,1730.37,11.73,1.98,1.90,0
2026-07-05T06:22:45.479Z,1762.92,1798.83,1730.37,11.73,2.04,1.85,0
2026-07-05T06:23:45.484Z,1762.80,1798.83,1730.37,11.73,2.04,1.84,0
2026-07-05T06:24:45.477Z,1762.91,1798.83,1730.37,11.73,2.04,1.85,0
2026-07-05T06:25:45.479Z,1762.94,1798.83,1730.37,11.73,2.04,1.85,0
2026-07-05T06:26:45.477Z,1763.05,1798.83,1730.37,11.73,2.03,1.85,0
2026-07-05T06:27:45.482Z,1763.25,1798.83,1730.37,11.73,2.02,1.86,0
2026-07-05T06:28:45.479Z,1763.69,1798.83,1730.37,11.73,1.99,1.89,0
2026-07-05T06:29:45.475Z,1763.99,1798.83,1730.37,11.73,1.98,1.91,0
2026-07-05T06:30:45.476Z,1763.89,1798.83,1730.37,11.73,1.98,1.90,0
2026-07-05T06:31:45.481Z,1764.00,1798.83,1730.37,11.73,1.97,1.91,0
2026-07-05T06:32:45.482Z,1765.16,1798.83,1730.37,11.73,1.91,1.97,0
2026-07-05T06:33:45.489Z,1766.70,1798.83,1730.37,11.84,1.82,2.06,0
2026-07-05T06:34:45.480Z,1766.79,1798.83,1730.37,11.84,1.81,2.06,0
2026-07-05T06:35:45.482Z,1766.57,1798.83,1730.37,11.89,1.83,2.05,0
2026-07-05T06:36:45.485Z,1766.01,1798.83,1730.37,11.89,1.86,2.02,0
2026-07-05T06:37:45.478Z,1764.84,1798.83,1730.37,11.89,1.93,1.95,0
2026-07-05T06:38:45.479Z,1764.01,1798.83,1730.37,11.89,1.97,1.91,0
2026-07-05T06:39:45.488Z,1765.01,1798.83,1730.37,11.89,1.92,1.96,0
2026-07-05T06:40:45.502Z,1764.60,1798.83,1730.37,11.89,1.94,1.94,0
2026-07-05T06:41:45.483Z,1764.81,1798.83,1730.37,11.89,1.93,1.95,0
2026-07-05T06:42:45.489Z,1764.83,1798.83,1730.37,11.89,1.93,1.95,0
2026-07-05T06:43:45.481Z,1765.11,1798.83,1730.37,11.89,1.91,1.97,0
2026-07-05T06:44:45.487Z,1764.65,1798.83,1730.37,11.89,1.94,1.94,0
2026-07-05T06:45:45.489Z,1764.34,1798.83,1730.37,11.89,1.95,1.93,0
2026-07-05T06:46:45.489Z,1764.75,1798.83,1730.37,11.89,1.93,1.95,0
2026-07-05T06:47:45.489Z,1764.99,1798.83,1730.37,11.89,1.92,1.96,0
2026-07-05T06:48:45.489Z,1764.91,1798.83,1730.37,11.89,1.92,1.96,0
2026-07-05T06:49:45.501Z,1764.18,1798.83,1730.37,11.89,1.96,1.92,0
2026-07-05T06:50:45.490Z,1763.75,1798.83,1730.37,11.89,1.99,1.89,0
2026-07-05T06:51:45.494Z,1763.76,1798.83,1730.37,11.89,1.99,1.89,0
2026-07-05T06:52:45.498Z,1763.12,1798.83,1730.37,11.89,2.03,1.86,0
2026-07-05T06:53:45.493Z,1763.95,1798.83,1730.37,11.89,1.98,1.90,0
2026-07-05T06:54:45.486Z,1763.92,1798.83,1730.37,11.89,1.98,1.90,0
2026-07-05T06:55:45.497Z,1764.62,1798.83,1730.37,11.89,1.94,1.94,0
2026-07-05T06:56:45.495Z,1764.41,1798.83,1730.37,11.89,1.95,1.93,0
2026-07-05T06:57:45.496Z,1764.18,1798.83,1730.37,11.89,1.96,1.92,0
2026-07-05T06:58:45.496Z,1763.85,1798.83,1730.37,11.89,1.98,1.90,0
2026-07-05T06:59:45.499Z,1764.00,1798.83,1730.37,11.89,1.97,1.91,0
2026-07-05T07:00:45.505Z,1764.40,1798.83,1730.37,9.79,1.95,1.93,0
2026-07-05T07:01:45.499Z,1763.94,1798.83,1730.37,9.79,1.98,1.90,0
2026-07-05T07:02:45.494Z,1764.53,1798.83,1730.37,9.82,1.94,1.94,0
2026-07-05T07:03:45.502Z,1764.30,1798.83,1730.37,9.82,1.96,1.92,0
2026-07-05T07:04:45.499Z,1763.93,1798.83,1730.37,9.85,1.98,1.90,0
2026-07-05T07:05:45.512Z,1764.48,1798.83,1730.37,9.85,1.95,1.93,0
2026-07-05T07:06:45.503Z,1763.77,1798.83,1730.37,9.85,1.99,1.89,0
2026-07-05T07:07:45.509Z,1763.79,1798.83,1730.37,9.85,1.99,1.89,0
2026-07-05T07:08:45.506Z,1763.87,1798.83,1730.37,9.85,1.98,1.90,0
2026-07-05T07:09:45.504Z,1763.87,1798.83,1730.37,9.85,1.98,1.90,0
2026-07-05T07:10:45.512Z,1762.93,1798.83,1730.37,9.89,2.04,1.85,0
2026-07-05T07:11:45.526Z,1763.17,1798.83,1730.37,9.91,2.02,1.86,0
2026-07-05T07:12:45.507Z,1763.28,1798.83,1730.37,9.91,2.02,1.87,0
2026-07-05T07:13:45.504Z,1763.18,1798.83,1730.37,9.91,2.02,1.86,0
2026-07-05T07:14:45.505Z,1762.99,1798.83,1730.37,9.91,2.03,1.85,0
2026-07-05T07:15:45.509Z,1761.23,1798.83,1730.37,10.01,2.13,1.75,0
2026-07-05T07:16:45.548Z,1762.17,1798.83,1730.37,10.01,2.08,1.80,0
2026-07-05T07:17:45.637Z,1762.68,1798.83,1730.37,10.01,2.05,1.83,0
2026-07-05T07:18:45.513Z,1762.93,1798.83,1730.37,10.01,2.04,1.85,0
2026-07-05T07:19:45.508Z,1763.26,1798.83,1730.37,10.01,2.02,1.87,0
2026-07-05T07:20:45.506Z,1761.58,1798.83,1730.37,10.01,2.11,1.77,0
2026-07-05T07:21:45.510Z,1761.05,1798.83,1730.37,10.02,2.15,1.74,0
2026-07-05T07:22:45.509Z,1764.49,1798.83,1730.37,10.02,1.95,1.93,0
2026-07-05T07:23:45.506Z,1764.27,1798.83,1730.37,10.02,1.96,1.92,0
2026-07-05T07:24:45.555Z,1764.15,1798.83,1730.37,10.02,1.97,1.91,0
2026-07-05T07:25:45.508Z,1764.53,1798.83,1730.37,10.02,1.94,1.94,0
2026-07-05T07:26:45.510Z,1762.39,1798.83,1730.37,10.02,2.07,1.82,0
2026-07-05T07:27:45.516Z,1761.94,1798.83,1730.37,10.02,2.09,1.79,0
2026-07-05T07:28:45.516Z,1761.95,1798.83,1730.37,10.02,2.09,1.79,0
2026-07-05T07:29:45.525Z,1762.26,1798.83,1730.37,10.02,2.08,1.81,0
2026-07-05T07:30:45.516Z,1763.00,1798.83,1730.37,10.02,2.03,1.85,0
2026-07-05T07:31:45.521Z,1763.50,1798.83,1730.37,10.02,2.00,1.88,0
2026-07-05T07:32:45.522Z,1763.95,1798.83,1730.37,10.02,1.98,1.90,0
2026-07-05T07:33:45.519Z,1765.13,1798.83,1730.37,10.06,1.91,1.97,0
2026-07-05T07:34:45.521Z,1765.06,1798.83,1730.37,10.06,1.91,1.97,0
2026-07-05T07:35:45.518Z,1765.98,1798.83,1730.37,10.14,1.86,2.02,0
2026-07-05T07:36:45.522Z,1765.48,1798.83,1730.37,10.14,1.89,1.99,0
2026-07-05T07:37:45.526Z,1766.15,1798.83,1730.37,10.15,1.85,2.03,0
2026-07-05T07:38:45.521Z,1766.26,1798.83,1730.37,10.17,1.84,2.03,0
2026-07-05T07:39:45.522Z,1766.00,1798.83,1730.37,10.17,1.86,2.02,0
2026-07-05T07:40:45.522Z,1766.20,1798.83,1730.37,10.17,1.85,2.03,0
2026-07-05T07:41:45.528Z,1766.22,1798.83,1730.37,10.20,1.85,2.03,0
2026-07-05T07:42:45.523Z,1766.57,1798.83,1730.37,10.20,1.83,2.05,0
2026-07-05T07:43:45.532Z,1767.46,1798.83,1730.37,10.24,1.77,2.10,0
2026-07-05T07:44:45.527Z,1766.73,1798.83,1730.37,10.24,1.82,2.06,0
2026-07-05T07:45:45.530Z,1766.73,1798.83,1730.37,10.24,1.82,2.06,0
2026-07-05T07:46:45.539Z,1766.70,1798.83,1730.37,10.24,1.82,2.06,0
2026-07-05T07:47:45.529Z,1765.99,1798.83,1730.37,10.24,1.86,2.02,0
2026-07-05T07:48:45.533Z,1765.40,1798.83,1730.37,10.24,1.89,1.98,0
2026-07-05T07:49:45.532Z,1765.95,1798.83,1730.37,10.24,1.86,2.01,0
2026-07-05T07:50:45.533Z,1766.42,1798.83,1730.37,10.24,1.83,2.04,0
2026-07-05T07:51:45.536Z,1768.02,1798.83,1730.37,10.26,1.74,2.13,0
2026-07-05T07:52:45.536Z,1768.25,1798.83,1730.37,10.28,1.73,2.14,0
2026-07-05T07:53:45.531Z,1768.74,1798.83,1730.37,10.34,1.70,2.17,0
2026-07-05T07:54:45.527Z,1768.85,1798.83,1730.37,10.34,1.69,2.18,0
2026-07-05T07:55:45.535Z,1768.78,1798.83,1730.37,10.34,1.70,2.17,0
2026-07-05T07:56:45.552Z,1769.04,1798.83,1730.37,10.34,1.68,2.19,0
2026-07-05T07:57:45.539Z,1769.43,1798.83,1730.37,10.36,1.66,2.21,0
2026-07-05T07:58:45.538Z,1771.21,1798.83,1730.37,10.50,1.56,2.31,0
2026-07-05T07:59:45.534Z,1769.52,1798.83,1730.37,10.50,1.66,2.21,0
2026-07-05T08:00:45.539Z,1769.36,1798.83,1732.87,9.54,1.67,2.06,0
2026-07-05T08:01:45.534Z,1769.54,1798.83,1732.87,9.77,1.66,2.07,0
2026-07-05T08:02:45.539Z,1770.41,1798.83,1732.87,9.77,1.61,2.12,0
2026-07-05T08:03:45.538Z,1770.40,1798.83,1732.87,9.77,1.61,2.12,0
2026-07-05T08:04:45.539Z,1769.01,1798.83,1732.87,9.77,1.69,2.04,0
2026-07-05T08:05:45.539Z,1767.62,1798.83,1732.87,9.85,1.77,1.97,0
2026-07-05T08:06:45.542Z,1768.27,1798.83,1732.87,9.86,1.73,2.00,0
2026-07-05T08:07:45.538Z,1767.69,1798.83,1732.87,9.86,1.76,1.97,0
2026-07-05T08:08:45.542Z,1767.96,1798.83,1732.87,9.86,1.75,1.98,0
2026-07-05T08:09:45.540Z,1767.77,1798.83,1732.87,9.87,1.76,1.97,0
2026-07-05T08:10:45.542Z,1767.81,1798.83,1732.87,9.87,1.75,1.98,0
2026-07-05T08:11:45.543Z,1766.35,1798.83,1732.87,9.96,1.84,1.90,0
2026-07-05T08:12:45.541Z,1767.23,1798.83,1732.87,9.96,1.79,1.94,0
2026-07-05T08:13:45.545Z,1768.55,1798.83,1732.87,9.96,1.71,2.02,0
2026-07-05T08:14:45.541Z,1768.07,1798.83,1732.87,9.96,1.74,1.99,0
2026-07-05T08:15:45.546Z,1768.40,1798.83,1732.87,9.96,1.72,2.01,0
2026-07-05T08:16:45.545Z,1768.69,1798.83,1732.87,9.96,1.70,2.03,0
2026-07-05T08:17:45.548Z,1767.31,1798.83,1732.87,9.96,1.78,1.95,0
2026-07-05T08:18:45.541Z,1767.51,1798.83,1732.87,9.96,1.77,1.96,0
2026-07-05T08:19:45.543Z,1767.49,1798.83,1732.87,9.96,1.77,1.96,0
2026-07-05T08:20:45.556Z,1767.89,1798.83,1732.87,9.96,1.75,1.98,0
2026-07-05T08:21:45.548Z,1767.94,1798.83,1732.87,9.96,1.75,1.98,0
2026-07-05T08:22:45.543Z,1767.75,1798.83,1732.87,9.96,1.76,1.97,0
2026-07-05T08:23:45.544Z,1767.21,1798.83,1732.87,9.96,1.79,1.94,0
2026-07-05T08:24:45.547Z,1767.32,1798.83,1732.87,9.96,1.78,1.95,0
2026-07-05T08:25:45.546Z,1767.17,1798.83,1732.87,9.96,1.79,1.94,0
2026-07-05T08:26:45.546Z,1767.16,1798.83,1732.87,9.96,1.79,1.94,0
2026-07-05T08:27:45.546Z,1766.25,1798.83,1732.87,9.96,1.84,1.89,0
2026-07-05T08:28:45.547Z,1765.90,1798.83,1732.87,9.97,1.86,1.87,0
2026-07-05T08:29:45.549Z,1766.68,1798.83,1732.87,9.97,1.82,1.91,0
2026-07-05T08:30:45.552Z,1767.53,1798.83,1732.87,9.97,1.77,1.96,0
2026-07-05T08:31:45.550Z,1768.40,1798.83,1732.87,9.97,1.72,2.01,0
2026-07-05T08:32:45.554Z,1768.76,1798.83,1732.87,9.97,1.70,2.03,0
2026-07-05T08:33:45.566Z,1767.88,1798.83,1732.87,9.97,1.75,1.98,0
2026-07-05T08:34:45.554Z,1767.63,1798.83,1732.87,9.97,1.77,1.97,0
2026-07-05T08:35:45.554Z,1767.66,1798.83,1732.87,9.97,1.76,1.97,0
2026-07-05T08:36:45.552Z,1766.28,1798.83,1732.87,9.98,1.84,1.89,0
2026-07-05T08:37:45.557Z,1766.82,1798.83,1732.87,9.98,1.81,1.92,0
2026-07-05T08:38:45.554Z,1767.18,1798.83,1732.87,9.98,1.79,1.94,0
2026-07-05T08:39:45.554Z,1767.24,1798.83,1732.87,9.98,1.79,1.94,0
2026-07-05T08:40:45.555Z,1766.53,1798.83,1732.87,9.98,1.83,1.91,0
2026-07-05T08:41:45.552Z,1766.72,1798.83,1732.87,9.98,1.82,1.92,0
2026-07-05T08:42:45.553Z,1766.92,1798.83,1732.87,9.98,1.81,1.93,0
2026-07-05T08:43:45.690Z,1767.10,1798.83,1732.87,9.98,1.80,1.94,0
2026-07-05T08:44:45.556Z,1767.13,1798.83,1732.87,9.98,1.79,1.94,0
2026-07-05T08:45:45.554Z,1767.04,1798.83,1732.87,9.98,1.80,1.93,0
2026-07-05T08:46:45.568Z,1768.18,1798.83,1732.87,9.98,1.73,2.00,0
2026-07-05T08:47:45.555Z,1768.20,1798.83,1732.87,9.98,1.73,2.00,0
2026-07-05T08:48:45.551Z,1768.56,1798.83,1732.87,9.98,1.71,2.02,0
2026-07-05T08:49:45.557Z,1769.20,1798.83,1732.87,9.98,1.67,2.05,0
2026-07-05T08:50:45.557Z,1767.78,1798.83,1732.87,9.98,1.76,1.97,0
2026-07-05T08:51:45.551Z,1766.23,1798.83,1732.87,9.98,1.85,1.89,0
2026-07-05T08:52:45.557Z,1767.05,1798.83,1732.87,9.98,1.80,1.93,0
2026-07-05T08:53:45.561Z,1767.17,1798.83,1732.87,9.98,1.79,1.94,0
2026-07-05T08:54:45.556Z,1767.36,1798.83,1732.87,9.98,1.78,1.95,0
2026-07-05T08:55:45.563Z,1767.17,1798.83,1732.87,9.98,1.79,1.94,0
2026-07-05T08:56:45.559Z,1766.63,1798.83,1732.87,9.98,1.82,1.91,0
2026-07-05T08:57:45.557Z,1766.95,1798.83,1732.87,9.98,1.80,1.93,0
2026-07-05T08:58:45.556Z,1767.16,1798.83,1732.87,9.98,1.79,1.94,0
2026-07-05T08:59:45.567Z,1767.50,1798.83,1732.87,9.98,1.77,1.96,0
2026-07-05T09:00:45.557Z,1766.47,1798.83,1737.53,9.35,1.83,1.64,0
2026-07-05T09:01:45.558Z,1765.61,1798.83,1737.53,9.40,1.88,1.59,0
2026-07-05T09:02:45.652Z,1766.27,1798.83,1737.53,9.40,1.84,1.63,0
2026-07-05T09:03:45.559Z,1765.67,1798.83,1737.53,9.42,1.88,1.59,0
2026-07-05T09:04:45.556Z,1765.51,1798.83,1737.53,9.42,1.89,1.58,0
2026-07-05T09:05:45.557Z,1766.10,1798.83,1737.53,9.43,1.85,1.62,0
2026-07-05T09:06:45.567Z,1765.85,1798.83,1737.53,9.43,1.87,1.60,0
2026-07-05T09:07:45.555Z,1766.33,1798.83,1737.53,9.43,1.84,1.63,0
2026-07-05T09:08:45.561Z,1766.31,1798.83,1737.53,9.43,1.84,1.63,0
2026-07-05T09:09:45.562Z,1766.41,1798.83,1737.53,9.43,1.84,1.63,0
2026-07-05T09:10:45.563Z,1766.02,1798.83,1737.53,9.43,1.86,1.61,0
2026-07-05T09:11:45.567Z,1765.38,1798.83,1737.53,9.43,1.89,1.58,0
2026-07-05T09:12:45.565Z,1765.95,1798.83,1737.53,9.43,1.86,1.61,0
2026-07-05T09:13:45.566Z,1765.95,1798.83,1737.53,9.43,1.86,1.61,0
2026-07-05T09:14:45.565Z,1765.93,1798.83,1737.53,9.43,1.86,1.61,0
2026-07-05T09:15:45.567Z,1765.51,1798.83,1737.53,9.45,1.89,1.58,0
2026-07-05T09:16:45.569Z,1765.75,1798.83,1737.53,9.45,1.87,1.60,0
2026-07-05T09:17:45.565Z,1766.00,1798.83,1737.53,9.45,1.86,1.61,0
2026-07-05T09:18:45.567Z,1765.58,1798.83,1737.53,9.45,1.88,1.59,0
2026-07-05T09:19:45.566Z,1765.90,1798.83,1737.53,9.45,1.86,1.61,0
2026-07-05T09:20:45.567Z,1765.24,1798.83,1737.53,9.45,1.90,1.57,0
2026-07-05T09:21:45.570Z,1764.50,1798.83,1737.53,9.55,1.95,1.53,0
2026-07-05T09:22:45.573Z,1764.00,1798.83,1737.53,9.55,1.97,1.50,0
2026-07-05T09:23:45.566Z,1763.40,1798.83,1737.53,9.62,2.01,1.47,0
2026-07-05T09:24:45.578Z,1761.86,1798.83,1737.53,9.71,2.10,1.38,0
2026-07-05T09:25:45.576Z,1762.57,1798.83,1737.53,9.71,2.06,1.42,0
2026-07-05T09:26:45.571Z,1762.61,1798.83,1737.53,9.71,2.05,1.42,0
2026-07-05T09:27:45.573Z,1761.27,1798.83,1737.53,9.72,2.13,1.35,0
2026-07-05T09:28:45.573Z,1760.42,1798.83,1737.53,9.79,2.18,1.30,0
2026-07-05T09:29:45.574Z,1760.64,1798.83,1737.53,9.79,2.17,1.31,0
2026-07-05T09:30:45.574Z,1760.40,1798.83,1737.53,9.79,2.18,1.30,0
2026-07-05T09:31:45.577Z,1760.75,1798.83,1737.53,9.79,2.16,1.32,0
2026-07-05T09:32:45.578Z,1760.61,1798.83,1737.53,9.83,2.17,1.31,0
2026-07-05T09:33:45.575Z,1760.24,1798.83,1737.53,9.83,2.19,1.29,0
2026-07-05T09:34:45.578Z,1760.36,1798.83,1737.53,9.83,2.19,1.30,0
2026-07-05T09:35:45.577Z,1760.16,1798.83,1737.53,9.83,2.20,1.29,0
2026-07-05T09:36:45.583Z,1761.24,1798.83,1737.53,9.83,2.13,1.35,0
2026-07-05T09:37:45.577Z,1760.79,1798.83,1737.53,9.83,2.16,1.32,0
2026-07-05T09:38:45.586Z,1758.32,1798.83,1737.53,9.94,2.30,1.18,0
2026-07-05T09:39:45.581Z,1757.98,1798.83,1737.53,9.98,2.32,1.16,0
2026-07-05T09:40:45.580Z,1753.34,1798.83,1737.53,10.37,2.59,0.90,0
2026-07-05T09:41:45.582Z,1752.57,1798.83,1737.53,10.37,2.64,0.86,0
2026-07-05T09:42:45.576Z,1753.51,1798.83,1737.53,10.37,2.58,0.91,0
2026-07-05T09:43:45.582Z,1751.02,1798.83,1737.53,10.47,2.73,0.77,0
2026-07-05T09:44:45.580Z,1750.35,1798.83,1737.53,10.71,2.77,0.73,0
2026-07-05T09:45:45.583Z,1751.86,1798.83,1737.53,10.71,2.68,0.82,0
2026-07-05T09:46:45.580Z,1752.93,1798.83,1737.53,10.71,2.62,0.88,0
2026-07-05T09:47:45.583Z,1753.38,1798.83,1737.53,10.71,2.59,0.90,0
2026-07-05T09:48:45.587Z,1753.25,1798.83,1737.53,10.71,2.60,0.90,0
2026-07-05T09:49:45.590Z,1753.21,1798.83,1737.53,10.71,2.60,0.89,0
2026-07-05T09:50:45.584Z,1753.52,1798.83,1737.53,10.71,2.58,0.91,0
2026-07-05T09:51:45.602Z,1755.18,1798.83,1737.53,10.71,2.49,1.01,0
2026-07-05T09:52:45.585Z,1754.33,1798.83,1737.53,10.71,2.54,0.96,0
2026-07-05T09:53:45.585Z,1754.87,1798.83,1737.53,10.71,2.51,0.99,0
2026-07-05T09:54:45.582Z,1755.11,1798.83,1737.53,10.71,2.49,1.00,0
2026-07-05T09:55:45.586Z,1756.16,1798.83,1737.53,10.71,2.43,1.06,0
2026-07-05T09:56:45.593Z,1757.20,1798.83,1737.53,10.71,2.37,1.12,0
2026-07-05T09:57:45.591Z,1757.50,1798.83,1737.53,10.71,2.35,1.14,0
2026-07-05T09:58:45.588Z,1757.59,1798.83,1737.53,10.71,2.35,1.14,0
2026-07-05T09:59:45.663Z,1757.26,1798.83,1737.53,10.71,2.37,1.12,0
2026-07-05T10:00:45.594Z,1756.30,1798.83,1738.09,9.94,2.42,1.04,0
2026-07-05T10:01:45.590Z,1756.12,1798.83,1738.09,9.96,2.43,1.03,0
2026-07-05T10:02:45.595Z,1755.08,1798.83,1738.09,10.04,2.49,0.97,0
2026-07-05T10:03:45.594Z,1756.66,1798.83,1738.09,10.04,2.40,1.06,0
2026-07-05T10:04:45.592Z,1757.76,1798.83,1738.09,10.07,2.34,1.12,0
2026-07-05T10:05:45.587Z,1756.79,1798.83,1738.09,10.11,2.39,1.06,0
2026-07-05T10:06:45.599Z,1757.51,1798.83,1738.09,10.11,2.35,1.10,0
2026-07-05T10:07:45.589Z,1757.21,1798.83,1738.09,10.15,2.37,1.09,0
2026-07-05T10:08:45.594Z,1757.39,1798.83,1738.09,10.15,2.36,1.10,0
2026-07-05T10:09:45.588Z,1757.50,1798.83,1738.09,10.15,2.35,1.10,0
2026-07-05T10:10:45.594Z,1758.45,1798.83,1738.09,10.15,2.30,1.16,0
2026-07-05T10:11:45.599Z,1759.90,1798.83,1738.09,10.26,2.21,1.24,0
2026-07-05T10:12:45.598Z,1759.41,1798.83,1738.09,10.26,2.24,1.21,0
2026-07-05T10:13:45.599Z,1759.44,1798.83,1738.09,10.26,2.24,1.21,0
2026-07-05T10:14:45.599Z,1758.87,1798.83,1738.09,10.26,2.27,1.18,0
2026-07-05T10:15:45.603Z,1758.27,1798.83,1738.09,10.26,2.31,1.15,0
2026-07-05T10:16:45.599Z,1757.23,1798.83,1738.09,10.26,2.37,1.09,0
2026-07-05T10:17:45.598Z,1757.87,1798.83,1738.09,10.26,2.33,1.13,0
2026-07-05T10:18:45.597Z,1758.44,1798.83,1738.09,10.26,2.30,1.16,0
2026-07-05T10:19:45.597Z,1759.17,1798.83,1738.09,10.26,2.25,1.20,0
2026-07-05T10:20:45.598Z,1760.26,1798.83,1738.09,10.26,2.19,1.26,0
2026-07-05T10:21:45.595Z,1760.57,1798.83,1738.09,10.33,2.17,1.28,0
2026-07-05T10:22:45.598Z,1760.75,1798.83,1738.09,10.33,2.16,1.29,0
2026-07-05T10:23:45.603Z,1759.62,1798.83,1738.09,10.33,2.23,1.22,0
2026-07-05T10:24:45.593Z,1759.57,1798.83,1738.09,10.33,2.23,1.22,0
2026-07-05T10:25:45.600Z,1758.68,1798.83,1738.09,10.33,2.28,1.17,0
2026-07-05T10:26:45.596Z,1758.93,1798.83,1738.09,10.33,2.27,1.18,0
2026-07-05T10:27:45.607Z,1758.31,1798.83,1738.09,10.33,2.30,1.15,0
2026-07-05T10:28:45.600Z,1758.06,1798.83,1738.09,10.33,2.32,1.14,0
2026-07-05T10:29:45.600Z,1758.15,1798.83,1738.09,10.33,2.31,1.14,0
2026-07-05T10:30:45.604Z,1758.92,1798.83,1738.09,10.33,2.27,1.18,0
2026-07-05T10:31:45.605Z,1758.20,1798.83,1738.09,10.33,2.31,1.14,0
2026-07-05T10:32:45.603Z,1758.05,1798.83,1738.09,10.33,2.32,1.14,0
2026-07-05T10:33:45.600Z,1757.86,1798.83,1738.09,10.33,2.33,1.12,0
2026-07-05T10:34:45.606Z,1758.37,1798.83,1738.09,10.33,2.30,1.15,0
2026-07-05T10:35:45.601Z,1758.67,1798.83,1738.09,10.33,2.28,1.17,0
2026-07-05T10:36:45.606Z,1758.47,1798.83,1738.09,10.33,2.30,1.16,0
2026-07-05T10:37:45.608Z,1758.98,1798.83,1738.09,10.33,2.27,1.19,0
2026-07-05T10:38:45.607Z,1759.77,1798.83,1738.09,10.33,2.22,1.23,0
2026-07-05T10:39:45.610Z,1758.93,1798.83,1738.09,10.33,2.27,1.18,0
2026-07-05T10:40:45.616Z,1758.60,1798.83,1738.09,10.33,2.29,1.17,0
2026-07-05T10:41:45.607Z,1759.00,1798.83,1738.09,10.33,2.26,1.19,0
2026-07-05T10:42:45.604Z,1758.47,1798.83,1738.09,10.33,2.30,1.16,0
2026-07-05T10:43:45.606Z,1758.64,1798.83,1738.09,10.33,2.29,1.17,0
2026-07-05T10:44:45.609Z,1758.59,1798.83,1738.09,10.33,2.29,1.17,0
2026-07-05T10:45:45.605Z,1758.55,1798.83,1738.09,10.33,2.29,1.16,0
2026-07-05T10:46:45.613Z,1759.01,1798.83,1738.09,10.33,2.26,1.19,0
2026-07-05T10:47:45.610Z,1759.45,1798.83,1738.09,10.33,2.24,1.21,0
2026-07-05T10:48:45.611Z,1759.20,1798.83,1738.09,10.33,2.25,1.20,0
2026-07-05T10:49:45.612Z,1760.17,1798.83,1738.09,10.33,2.20,1.25,0
2026-07-05T10:50:45.606Z,1760.44,1798.83,1738.09,10.33,2.18,1.27,0
2026-07-05T10:51:45.611Z,1760.41,1798.83,1738.09,10.33,2.18,1.27,0
2026-07-05T10:52:45.618Z,1759.56,1798.83,1738.09,10.33,2.23,1.22,0
2026-07-05T10:53:45.612Z,1759.85,1798.83,1738.09,10.33,2.21,1.24,0
2026-07-05T10:54:45.611Z,1760.30,1798.83,1738.09,10.33,2.19,1.26,0
2026-07-05T10:55:45.610Z,1760.50,1798.83,1738.09,10.33,2.18,1.27,0
2026-07-05T10:56:45.619Z,1760.16,1798.83,1738.09,10.33,2.20,1.25,0
2026-07-05T10:57:45.609Z,1760.44,1798.83,1738.09,10.33,2.18,1.27,0
2026-07-05T10:58:45.613Z,1761.10,1798.83,1738.09,10.33,2.14,1.31,0
2026-07-05T10:59:45.614Z,1760.78,1798.83,1738.09,10.33,2.16,1.29,0
2026-07-05T11:00:45.616Z,1762.43,1798.83,1744.78,9.87,2.07,1.00,0
2026-07-05T11:01:45.611Z,1762.73,1798.83,1744.78,10.00,2.05,1.02,0
2026-07-05T11:02:45.615Z,1760.99,1798.83,1744.78,10.00,2.15,0.92,0
2026-07-05T11:03:45.613Z,1763.49,1798.83,1744.78,10.00,2.00,1.06,0
2026-07-05T11:04:45.619Z,1761.57,1798.83,1744.78,10.00,2.12,0.95,0
2026-07-05T11:05:45.619Z,1761.77,1798.83,1744.78,10.00,2.10,0.96,0
2026-07-05T11:06:45.622Z,1762.21,1798.83,1744.78,10.00,2.08,0.99,0
2026-07-05T11:07:45.618Z,1762.30,1798.83,1744.78,10.00,2.07,0.99,0
2026-07-05T11:08:45.614Z,1762.18,1798.83,1744.78,10.00,2.08,0.99,0
2026-07-05T11:09:45.615Z,1762.67,1798.83,1744.78,10.00,2.05,1.01,0
2026-07-05T11:10:45.621Z,1762.69,1798.83,1744.78,10.00,2.05,1.02,0
2026-07-05T11:11:45.612Z,1762.69,1798.83,1744.78,10.00,2.05,1.02,0
2026-07-05T11:12:45.622Z,1763.27,1798.83,1744.78,10.00,2.02,1.05,0
2026-07-05T11:13:45.621Z,1762.49,1798.83,1744.78,10.00,2.06,1.00,0
2026-07-05T11:14:45.620Z,1763.41,1798.83,1744.78,10.00,2.01,1.06,0
2026-07-05T11:15:45.620Z,1762.26,1798.83,1744.78,10.00,2.08,0.99,0
2026-07-05T11:16:45.620Z,1761.47,1798.83,1744.78,10.00,2.12,0.95,0
2026-07-05T11:17:45.622Z,1761.38,1798.83,1744.78,10.00,2.13,0.94,0
2026-07-05T11:18:45.622Z,1760.98,1798.83,1744.78,10.00,2.15,0.92,0
2026-07-05T11:19:45.620Z,1761.99,1798.83,1744.78,10.00,2.09,0.98,0
2026-07-05T11:20:45.620Z,1762.00,1798.83,1744.78,10.00,2.09,0.98,0
2026-07-05T11:21:45.618Z,1762.05,1798.83,1744.78,10.00,2.09,0.98,0
2026-07-05T11:22:45.625Z,1760.09,1798.83,1744.78,10.07,2.20,0.87,0
2026-07-05T11:23:45.618Z,1759.12,1798.83,1744.78,10.15,2.26,0.82,0
2026-07-05T11:24:45.624Z,1758.80,1798.83,1744.78,10.17,2.28,0.80,0
2026-07-05T11:25:45.622Z,1759.20,1798.83,1744.78,10.17,2.25,0.82,0
2026-07-05T11:26:45.633Z,1758.92,1798.83,1744.78,10.17,2.27,0.80,0
2026-07-05T11:27:45.633Z,1758.59,1798.83,1744.78,10.19,2.29,0.79,0
2026-07-05T11:28:45.627Z,1759.16,1798.83,1744.78,10.19,2.26,0.82,0
2026-07-05T11:29:45.618Z,1759.22,1798.83,1744.78,10.19,2.25,0.82,0
2026-07-05T11:30:45.625Z,1758.22,1798.83,1744.78,10.20,2.31,0.76,0
2026-07-05T11:31:45.626Z,1759.85,1798.83,1744.78,10.20,2.21,0.86,0
2026-07-05T11:32:45.625Z,1759.99,1798.83,1744.78,10.20,2.21,0.86,0
2026-07-05T11:33:45.625Z,1760.80,1798.83,1744.78,10.20,2.16,0.91,0
2026-07-05T11:34:45.628Z,1760.98,1798.83,1744.78,10.20,2.15,0.92,0
2026-07-05T11:35:45.626Z,1761.25,1798.83,1744.78,10.20,2.13,0.94,0
2026-07-05T11:36:45.630Z,1761.70,1798.83,1744.78,10.20,2.11,0.96,0
2026-07-05T11:37:45.624Z,1761.09,1798.83,1744.78,10.20,2.14,0.93,0
2026-07-05T11:38:45.632Z,1761.06,1798.83,1744.78,10.20,2.14,0.92,0
2026-07-05T11:39:45.628Z,1761.47,1798.83,1744.78,10.20,2.12,0.95,0
2026-07-05T11:40:45.627Z,1760.80,1798.83,1744.78,10.20,2.16,0.91,0
2026-07-05T11:41:45.627Z,1760.80,1798.83,1744.78,10.20,2.16,0.91,0
2026-07-05T11:42:45.632Z,1760.89,1798.83,1744.78,10.20,2.15,0.91,0
2026-07-05T11:43:45.635Z,1760.50,1798.83,1744.78,10.20,2.18,0.89,0
2026-07-05T11:44:45.634Z,1760.81,1798.83,1744.78,10.20,2.16,0.91,0
2026-07-05T11:45:45.632Z,1760.50,1798.83,1744.78,10.20,2.18,0.89,0
2026-07-05T11:46:45.630Z,1761.13,1798.83,1744.78,10.20,2.14,0.93,0
2026-07-05T11:47:45.632Z,1761.98,1798.83,1744.78,10.20,2.09,0.98,0
2026-07-05T11:48:45.632Z,1761.76,1798.83,1744.78,10.20,2.10,0.96,0
2026-07-05T11:49:45.631Z,1759.88,1798.83,1744.78,10.20,2.21,0.86,0
2026-07-05T11:50:45.634Z,1760.56,1798.83,1744.78,10.20,2.17,0.90,0
2026-07-05T11:51:45.634Z,1760.73,1798.83,1744.78,10.20,2.16,0.91,0
2026-07-05T11:52:45.636Z,1759.73,1798.83,1744.78,10.20,2.22,0.85,0
2026-07-05T11:53:45.639Z,1759.74,1798.83,1744.78,10.20,2.22,0.85,0
2026-07-05T11:54:45.640Z,1759.32,1798.83,1744.78,10.20,2.25,0.83,0
2026-07-05T11:55:45.642Z,1759.31,1798.83,1744.78,10.20,2.25,0.83,0
2026-07-05T11:56:45.636Z,1759.64,1798.83,1744.78,10.20,2.23,0.84,0
2026-07-05T11:57:45.640Z,1759.64,1798.83,1744.78,10.20,2.23,0.84,0
2026-07-05T11:58:45.643Z,1759.86,1798.83,1744.78,10.20,2.21,0.86,0
2026-07-05T11:59:45.635Z,1759.99,1798.83,1744.78,10.20,2.21,0.86,0
2026-07-05T12:00:45.649Z,1758.63,1798.83,1747.13,9.76,2.29,0.65,0
2026-07-05T12:01:45.648Z,1758.24,1798.83,1747.13,9.77,2.31,0.63,0
2026-07-05T12:02:45.644Z,1757.77,1798.83,1747.13,9.84,2.34,0.61,0
2026-07-05T12:03:45.646Z,1756.23,1798.83,1747.13,9.91,2.43,0.52,0
2026-07-05T12:04:45.647Z,1756.27,1798.83,1747.13,9.98,2.42,0.52,0
2026-07-05T12:05:45.638Z,1757.30,1798.83,1747.13,9.98,2.36,0.58,0
2026-07-05T12:06:45.644Z,1757.81,1798.83,1747.13,9.98,2.33,0.61,0
2026-07-05T12:07:45.649Z,1758.22,1798.83,1747.13,9.98,2.31,0.63,0
2026-07-05T12:08:45.646Z,1758.37,1798.83,1747.13,9.98,2.30,0.64,0
2026-07-05T12:09:45.644Z,1758.22,1798.83,1747.13,9.98,2.31,0.63,0
2026-07-05T12:10:45.648Z,1758.19,1798.83,1747.13,9.98,2.31,0.63,0
2026-07-05T12:11:45.647Z,1758.51,1798.83,1747.13,9.98,2.29,0.65,0
2026-07-05T12:12:45.645Z,1759.27,1798.83,1747.13,9.98,2.25,0.69,0
2026-07-05T12:13:45.651Z,1759.43,1798.83,1747.13,9.99,2.24,0.70,0
2026-07-05T12:14:45.646Z,1759.20,1798.83,1747.13,9.99,2.25,0.69,0
2026-07-05T12:15:45.651Z,1760.95,1798.83,1747.13,10.09,2.15,0.78,0
2026-07-05T12:16:45.646Z,1761.08,1798.83,1747.13,10.18,2.14,0.79,0
2026-07-05T12:17:45.647Z,1760.55,1798.83,1747.13,10.18,2.17,0.76,0
2026-07-05T12:18:45.645Z,1760.06,1798.83,1747.13,10.18,2.20,0.73,0
2026-07-05T12:19:45.648Z,1760.46,1798.83,1747.13,10.18,2.18,0.76,0
2026-07-05T12:20:45.653Z,1761.39,1798.83,1747.13,10.18,2.13,0.81,0
2026-07-05T12:21:45.645Z,1761.48,1798.83,1747.13,10.18,2.12,0.81,0
2026-07-05T12:22:45.651Z,1762.97,1798.83,1747.13,10.26,2.03,0.90,0
2026-07-05T12:23:45.649Z,1762.87,1798.83,1747.13,10.29,2.04,0.89,0
2026-07-05T12:24:45.650Z,1764.15,1798.83,1747.13,10.34,1.97,0.96,0
2026-07-05T12:25:45.650Z,1765.00,1798.83,1747.13,10.38,1.92,1.01,0
2026-07-05T12:26:45.647Z,1765.22,1798.83,1747.13,10.48,1.90,1.02,0
2026-07-05T12:27:45.651Z,1763.76,1798.83,1747.13,10.48,1.99,0.94,0
2026-07-05T12:28:45.644Z,1764.26,1798.83,1747.13,10.48,1.96,0.97,0
2026-07-05T12:29:45.646Z,1765.49,1798.83,1747.13,10.48,1.89,1.04,0
2026-07-05T12:30:45.652Z,1766.50,1798.83,1747.13,10.55,1.83,1.10,0
2026-07-05T12:31:45.646Z,1767.31,1798.83,1747.13,10.65,1.78,1.14,0
2026-07-05T12:32:45.654Z,1765.38,1798.83,1747.13,10.66,1.89,1.03,0
2026-07-05T12:33:45.661Z,1765.21,1798.83,1747.13,10.66,1.90,1.02,0
2026-07-05T12:34:45.653Z,1764.09,1798.83,1747.13,10.66,1.97,0.96,0
2026-07-05T12:35:45.653Z,1764.01,1798.83,1747.13,10.66,1.97,0.96,0
2026-07-05T12:36:45.655Z,1763.95,1798.83,1747.13,10.66,1.98,0.95,0
2026-07-05T12:37:45.652Z,1765.53,1798.83,1747.13,10.66,1.89,1.04,0
2026-07-05T12:38:45.677Z,1765.74,1798.83,1747.13,10.66,1.87,1.05,0
2026-07-05T12:39:45.653Z,1765.17,1798.83,1747.13,10.66,1.91,1.02,0
2026-07-05T12:40:45.656Z,1763.20,1798.83,1747.13,10.66,2.02,0.91,0
2026-07-05T12:41:45.654Z,1763.91,1798.83,1747.13,10.66,1.98,0.95,0
2026-07-05T12:42:45.656Z,1763.74,1798.83,1747.13,10.66,1.99,0.94,0
2026-07-05T12:43:45.652Z,1763.53,1798.83,1747.13,10.66,2.00,0.93,0
2026-07-05T12:44:45.652Z,1763.75,1798.83,1747.13,10.66,1.99,0.94,0
2026-07-05T12:45:45.660Z,1764.19,1798.83,1747.13,10.66,1.96,0.97,0
2026-07-05T12:46:45.656Z,1764.97,1798.83,1747.13,10.66,1.92,1.01,0
2026-07-05T12:47:45.656Z,1764.50,1798.83,1747.13,10.66,1.95,0.98,0
2026-07-05T12:48:45.649Z,1764.86,1798.83,1747.13,10.66,1.92,1.00,0
2026-07-05T12:49:45.652Z,1764.86,1798.83,1747.13,10.66,1.92,1.00,0
2026-07-05T12:50:45.655Z,1763.65,1798.83,1747.13,10.66,1.99,0.94,0
2026-07-05T12:51:45.653Z,1764.06,1798.83,1747.13,10.66,1.97,0.96,0
2026-07-05T12:52:45.651Z,1764.39,1798.83,1747.13,10.66,1.95,0.98,0
2026-07-05T12:53:45.656Z,1764.29,1798.83,1747.13,10.66,1.96,0.97,0
2026-07-05T12:54:45.660Z,1764.57,1798.83,1747.13,10.66,1.94,0.99,0
2026-07-05T12:55:45.654Z,1764.48,1798.83,1747.13,10.66,1.95,0.98,0
2026-07-05T12:56:45.656Z,1764.14,1798.83,1747.13,10.66,1.97,0.96,0
2026-07-05T12:57:45.659Z,1764.19,1798.83,1747.13,10.66,1.96,0.97,0
2026-07-05T12:58:45.662Z,1764.04,1798.83,1747.13,10.66,1.97,0.96,0
2026-07-05T12:59:45.660Z,1764.15,1798.83,1747.13,10.66,1.97,0.96,0
2026-07-05T13:00:45.660Z,1763.36,1798.83,1747.13,9.73,2.01,0.92,0
2026-07-05T13:01:45.664Z,1763.19,1798.83,1747.13,9.79,2.02,0.91,0
2026-07-05T13:02:45.660Z,1764.66,1798.83,1747.13,9.82,1.94,0.99,0
2026-07-05T13:03:45.658Z,1763.71,1798.83,1747.13,9.84,1.99,0.94,0
2026-07-05T13:04:45.661Z,1764.15,1798.83,1747.13,9.84,1.97,0.96,0
2026-07-05T13:05:45.666Z,1765.00,1798.83,1747.13,9.85,1.92,1.01,0
2026-07-05T13:06:45.653Z,1765.24,1798.83,1747.13,9.88,1.90,1.03,0
2026-07-05T13:07:45.659Z,1765.34,1798.83,1747.13,9.88,1.90,1.03,0
2026-07-05T13:08:45.662Z,1765.50,1798.83,1747.13,9.90,1.89,1.04,0
2026-07-05T13:09:45.660Z,1765.35,1798.83,1747.13,9.99,1.90,1.03,0
2026-07-05T13:10:45.666Z,1764.99,1798.83,1747.13,9.99,1.92,1.01,0
2026-07-05T13:11:45.660Z,1765.22,1798.83,1747.13,9.99,1.90,1.02,0
2026-07-05T13:12:45.663Z,1764.92,1798.83,1747.13,9.99,1.92,1.01,0
2026-07-05T13:13:45.656Z,1764.99,1798.83,1747.13,9.99,1.92,1.01,0
2026-07-05T13:14:45.671Z,1764.89,1798.83,1747.13,9.99,1.92,1.01,0
2026-07-05T13:15:45.661Z,1763.69,1798.83,1747.13,9.99,1.99,0.94,0
2026-07-05T13:16:45.666Z,1764.01,1798.83,1747.13,9.99,1.97,0.96,0
2026-07-05T13:17:45.658Z,1764.09,1798.83,1747.13,9.99,1.97,0.96,0
2026-07-05T13:18:45.666Z,1764.55,1798.83,1747.13,9.99,1.94,0.99,0
2026-07-05T13:19:45.664Z,1764.38,1798.83,1747.13,9.99,1.95,0.98,0
2026-07-05T13:20:45.666Z,1765.14,1798.83,1747.13,9.99,1.91,1.02,0
2026-07-05T13:21:45.671Z,1765.07,1798.83,1747.13,9.99,1.91,1.02,0
2026-07-05T13:22:45.677Z,1764.01,1798.83,1747.13,9.99,1.97,0.96,0
2026-07-05T13:23:45.672Z,1764.23,1798.83,1747.13,9.99,1.96,0.97,0
2026-07-05T13:24:45.670Z,1764.81,1798.83,1747.13,9.99,1.93,1.00,0
2026-07-05T13:25:45.672Z,1764.49,1798.83,1747.13,9.99,1.95,0.98,0
2026-07-05T13:26:45.669Z,1763.50,1798.83,1747.13,9.99,2.00,0.93,0
2026-07-05T13:27:45.666Z,1761.51,1798.83,1747.13,10.13,2.12,0.82,0
2026-07-05T13:28:45.672Z,1762.66,1798.83,1747.13,10.13,2.05,0.88,0
2026-07-05T13:29:45.671Z,1762.79,1798.83,1747.13,10.13,2.04,0.89,0
2026-07-05T13:30:45.677Z,1762.30,1798.83,1747.13,10.13,2.07,0.86,0
2026-07-05T13:31:45.671Z,1763.24,1798.83,1747.13,10.13,2.02,0.91,0
2026-07-05T13:32:45.670Z,1763.04,1798.83,1747.13,10.13,2.03,0.90,0
2026-07-05T13:33:45.668Z,1762.34,1798.83,1747.13,10.13,2.07,0.86,0
2026-07-05T13:34:45.670Z,1762.85,1798.83,1747.13,10.13,2.04,0.89,0
2026-07-05T13:35:45.682Z,1762.37,1798.83,1747.13,10.13,2.07,0.86,0
2026-07-05T13:36:45.668Z,1762.01,1798.83,1747.13,10.13,2.09,0.84,0
2026-07-05T13:37:45.676Z,1762.49,1798.83,1747.13,10.13,2.06,0.87,0
2026-07-05T13:38:45.673Z,1763.10,1798.83,1747.13,10.13,2.03,0.91,0
2026-07-05T13:39:45.675Z,1762.86,1798.83,1747.13,10.13,2.04,0.89,0
2026-07-05T13:40:45.677Z,1763.43,1798.83,1747.13,10.13,2.01,0.92,0
2026-07-05T13:41:45.673Z,1763.52,1798.83,1747.13,10.13,2.00,0.93,0
2026-07-05T13:42:45.677Z,1763.84,1798.83,1747.13,10.13,1.98,0.95,0
2026-07-05T13:43:45.672Z,1764.20,1798.83,1747.13,10.13,1.96,0.97,0
2026-07-05T13:44:45.676Z,1764.29,1798.83,1747.13,10.13,1.96,0.97,0
2026-07-05T13:45:45.679Z,1765.82,1798.83,1747.13,10.13,1.87,1.06,0
2026-07-05T13:46:45.670Z,1765.64,1798.83,1747.13,10.13,1.88,1.05,0
2026-07-05T13:47:45.674Z,1765.08,1798.83,1747.13,10.13,1.91,1.02,0
2026-07-05T13:48:45.685Z,1764.41,1798.83,1747.13,10.13,1.95,0.98,0
2026-07-05T13:49:45.676Z,1765.55,1798.83,1747.13,10.13,1.88,1.04,0
2026-07-05T13:50:45.681Z,1764.44,1798.83,1747.13,10.13,1.95,0.98,0
2026-07-05T13:51:45.678Z,1765.54,1798.83,1747.13,10.13,1.89,1.04,0
2026-07-05T13:52:45.672Z,1764.75,1798.83,1747.13,10.13,1.93,1.00,0
2026-07-05T13:53:45.682Z,1765.30,1798.83,1747.13,10.13,1.90,1.03,0
2026-07-05T13:54:45.680Z,1765.48,1798.83,1747.13,10.13,1.89,1.04,0
2026-07-05T13:55:45.678Z,1765.34,1798.83,1747.13,10.13,1.90,1.03,0
2026-07-05T13:56:45.683Z,1765.10,1798.83,1747.13,10.13,1.91,1.02,0
2026-07-05T13:57:45.682Z,1765.07,1798.83,1747.13,10.13,1.91,1.02,0
2026-07-05T13:58:45.687Z,1764.58,1798.83,1747.13,10.13,1.94,0.99,0
2026-07-05T13:59:45.685Z,1765.33,1798.83,1747.13,10.13,1.90,1.03,0
2026-07-05T14:00:45.687Z,1765.38,1798.83,1747.13,9.28,1.89,1.03,0
2026-07-05T14:01:45.687Z,1765.67,1798.83,1747.13,9.40,1.88,1.05,0
2026-07-05T14:02:45.679Z,1765.95,1798.83,1747.13,9.40,1.86,1.07,0
2026-07-05T14:03:45.689Z,1764.06,1798.83,1747.13,9.49,1.97,0.96,0
2026-07-05T14:04:45.686Z,1765.10,1798.83,1747.13,9.49,1.91,1.02,0
2026-07-05T14:05:45.687Z,1765.78,1798.83,1747.13,9.49,1.87,1.06,0
2026-07-05T14:06:45.685Z,1766.52,1798.83,1747.13,9.49,1.83,1.10,0
2026-07-05T14:07:45.688Z,1765.77,1798.83,1747.13,9.49,1.87,1.06,0
2026-07-05T14:08:45.688Z,1766.60,1798.83,1747.13,9.49,1.82,1.10,0
2026-07-05T14:09:45.683Z,1766.17,1798.83,1747.13,9.49,1.85,1.08,0
2026-07-05T14:10:45.692Z,1767.84,1798.83,1747.13,9.55,1.75,1.17,0
2026-07-05T14:11:45.686Z,1767.01,1798.83,1747.13,9.55,1.80,1.13,0
2026-07-05T14:12:45.681Z,1766.68,1798.83,1747.13,9.55,1.82,1.11,0
2026-07-05T14:13:45.691Z,1766.78,1798.83,1747.13,9.55,1.81,1.11,0
2026-07-05T14:14:45.693Z,1766.61,1798.83,1747.13,9.55,1.82,1.10,0
2026-07-05T14:15:45.691Z,1766.40,1798.83,1747.13,9.55,1.84,1.09,0
2026-07-05T14:16:45.685Z,1765.94,1798.83,1747.13,9.55,1.86,1.07,0
2026-07-05T14:17:45.685Z,1765.99,1798.83,1747.13,9.55,1.86,1.07,0
2026-07-05T14:18:45.687Z,1766.02,1798.83,1747.13,9.55,1.86,1.07,0
2026-07-05T14:19:45.725Z,1764.78,1798.83,1747.13,9.55,1.93,1.00,0
2026-07-05T14:20:45.727Z,1764.99,1798.83,1747.13,9.55,1.92,1.01,0
2026-07-05T14:21:45.721Z,1765.31,1798.83,1747.13,9.55,1.90,1.03,0
2026-07-05T14:22:45.722Z,1765.89,1798.83,1747.13,9.55,1.87,1.06,0
2026-07-05T14:23:45.725Z,1765.06,1798.83,1747.13,9.55,1.91,1.02,0
2026-07-05T14:24:45.726Z,1766.07,1798.83,1747.13,9.55,1.85,1.07,0
2026-07-05T14:25:45.731Z,1766.17,1798.83,1747.13,9.55,1.85,1.08,0
2026-07-05T14:26:45.730Z,1766.46,1798.83,1747.13,9.55,1.83,1.09,0
2026-07-05T14:27:45.724Z,1765.99,1798.83,1747.13,9.55,1.86,1.07,0
2026-07-05T14:28:45.727Z,1765.99,1798.83,1747.13,9.55,1.86,1.07,0
2026-07-05T14:29:45.723Z,1766.58,1798.83,1747.13,9.55,1.83,1.10,0
2026-07-05T14:30:45.729Z,1766.54,1798.83,1747.13,9.55,1.83,1.10,0
2026-07-05T14:31:45.723Z,1766.87,1798.83,1747.13,9.55,1.81,1.12,0
2026-07-05T14:32:45.727Z,1764.84,1798.83,1747.13,9.55,1.93,1.00,0
2026-07-05T14:33:45.728Z,1765.46,1798.83,1747.13,9.55,1.89,1.04,0
2026-07-05T14:34:45.734Z,1764.34,1798.83,1747.13,9.55,1.95,0.98,0
2026-07-05T14:35:45.729Z,1764.63,1798.83,1747.13,9.55,1.94,0.99,0
2026-07-05T14:36:45.733Z,1765.51,1798.83,1747.13,9.55,1.89,1.04,0
2026-07-05T14:37:45.731Z,1765.10,1798.83,1747.13,9.55,1.91,1.02,0
2026-07-05T14:38:45.737Z,1768.19,1798.83,1747.13,9.57,1.73,1.19,0
2026-07-05T14:39:45.732Z,1767.21,1798.83,1747.13,9.57,1.79,1.14,0
2026-07-05T14:40:45.731Z,1767.51,1798.83,1747.13,9.58,1.77,1.15,0
2026-07-05T14:41:45.734Z,1767.16,1798.83,1747.13,9.58,1.79,1.13,0
2026-07-05T14:42:45.736Z,1767.89,1798.83,1747.13,9.58,1.75,1.17,0
2026-07-05T14:43:45.738Z,1768.48,1798.83,1747.13,9.75,1.72,1.21,0
2026-07-05T14:44:45.734Z,1767.66,1798.83,1747.13,9.75,1.76,1.16,0
2026-07-05T14:45:45.740Z,1767.79,1798.83,1747.13,9.75,1.76,1.17,0
2026-07-05T14:46:45.741Z,1766.70,1798.83,1747.13,9.75,1.82,1.11,0
2026-07-05T14:47:45.731Z,1766.71,1798.83,1747.13,9.75,1.82,1.11,0
2026-07-05T14:48:45.736Z,1767.62,1798.83,1747.13,9.75,1.77,1.16,0
2026-07-05T14:49:45.738Z,1767.04,1798.83,1747.13,9.75,1.80,1.13,0
2026-07-05T14:50:45.739Z,1767.36,1798.83,1747.13,9.75,1.78,1.14,0
2026-07-05T14:51:45.742Z,1766.94,1798.83,1747.13,9.75,1.80,1.12,0
2026-07-05T14:52:45.742Z,1767.35,1798.83,1747.13,9.75,1.78,1.14,0
2026-07-05T14:53:45.738Z,1767.04,1798.83,1747.13,9.75,1.80,1.13,0
2026-07-05T14:54:45.738Z,1767.64,1798.83,1747.13,9.75,1.76,1.16,0
2026-07-05T14:55:45.743Z,1768.18,1798.83,1747.13,9.75,1.73,1.19,0
2026-07-05T14:56:45.738Z,1770.29,1798.83,1747.13,9.75,1.61,1.31,0
2026-07-05T14:57:45.745Z,1770.29,1798.83,1747.13,9.75,1.61,1.31,0
2026-07-05T14:58:45.740Z,1771.38,1798.83,1747.13,9.86,1.55,1.37,0
2026-07-05T14:59:45.741Z,1771.74,1798.83,1747.13,9.86,1.53,1.39,0
2026-07-05T15:00:45.743Z,1771.41,1798.83,1747.13,8.94,1.55,1.37,0
2026-07-05T15:01:45.753Z,1770.67,1798.83,1747.13,8.97,1.59,1.33,0
2026-07-05T15:02:45.742Z,1771.05,1798.83,1747.13,8.97,1.57,1.35,0
2026-07-05T15:03:45.745Z,1774.66,1798.83,1747.13,9.20,1.36,1.55,0
2026-07-05T15:04:45.765Z,1777.63,1798.83,1747.13,9.65,1.19,1.72,0
2026-07-05T15:05:45.747Z,1775.19,1798.83,1747.13,9.65,1.33,1.58,0
2026-07-05T15:06:45.747Z,1776.74,1798.83,1747.13,9.65,1.24,1.67,0
2026-07-05T15:07:45.758Z,1777.51,1798.83,1747.13,9.65,1.20,1.71,0
2026-07-05T15:08:45.746Z,1776.65,1798.83,1747.13,9.65,1.25,1.66,0
2026-07-05T15:09:45.749Z,1775.52,1798.83,1747.13,9.65,1.31,1.60,0
2026-07-05T15:10:45.745Z,1774.88,1798.83,1747.13,9.65,1.35,1.56,0
2026-07-05T15:11:45.749Z,1774.14,1798.83,1747.13,9.65,1.39,1.52,0
2026-07-05T15:12:45.747Z,1774.44,1798.83,1747.13,9.65,1.37,1.54,0
2026-07-05T15:13:45.750Z,1774.13,1798.83,1747.13,9.65,1.39,1.52,0
2026-07-05T15:14:45.747Z,1773.96,1798.83,1747.13,9.65,1.40,1.51,0
2026-07-05T15:15:45.752Z,1772.92,1798.83,1747.13,9.65,1.46,1.45,0
2026-07-05T15:16:45.754Z,1773.63,1798.83,1747.13,9.65,1.42,1.49,0
2026-07-05T15:17:45.754Z,1773.85,1798.83,1747.13,9.65,1.41,1.51,0
2026-07-05T15:18:45.750Z,1773.92,1798.83,1747.13,9.65,1.40,1.51,0
2026-07-05T15:19:45.750Z,1773.84,1798.83,1747.13,9.65,1.41,1.51,0
2026-07-05T15:20:45.757Z,1774.31,1798.83,1747.13,9.65,1.38,1.53,0
2026-07-05T15:21:45.750Z,1772.81,1798.83,1747.13,9.65,1.47,1.45,0
2026-07-05T15:22:45.750Z,1773.36,1798.83,1747.13,9.65,1.44,1.48,0
2026-07-05T15:23:45.750Z,1772.86,1798.83,1747.13,9.65,1.46,1.45,0
2026-07-05T15:24:45.754Z,1772.52,1798.83,1747.13,9.65,1.48,1.43,0
2026-07-05T15:25:45.745Z,1773.21,1798.83,1747.13,9.65,1.44,1.47,0
2026-07-05T15:26:45.756Z,1772.88,1798.83,1747.13,9.65,1.46,1.45,0
2026-07-05T15:27:45.757Z,1773.79,1798.83,1747.13,9.65,1.41,1.50,0
2026-07-05T15:28:45.755Z,1774.24,1798.83,1747.13,9.65,1.39,1.53,0
2026-07-05T15:29:45.755Z,1773.94,1798.83,1747.13,9.65,1.40,1.51,0
2026-07-05T15:30:45.757Z,1774.75,1798.83,1747.13,9.65,1.36,1.56,0
2026-07-05T15:31:45.767Z,1775.00,1798.83,1747.13,9.65,1.34,1.57,0
2026-07-05T15:32:45.760Z,1776.18,1798.83,1747.13,9.65,1.28,1.64,0
2026-07-05T15:33:45.759Z,1775.37,1798.83,1747.13,9.65,1.32,1.59,0
2026-07-05T15:34:45.763Z,1775.70,1798.83,1747.13,9.65,1.30,1.61,0
2026-07-05T15:35:45.759Z,1775.94,1798.83,1747.13,9.65,1.29,1.62,0
2026-07-05T15:36:45.761Z,1776.76,1798.83,1747.13,9.65,1.24,1.67,0
2026-07-05T15:37:45.759Z,1775.28,1798.83,1747.13,9.65,1.33,1.59,0
2026-07-05T15:38:45.797Z,1774.50,1798.83,1747.13,9.65,1.37,1.54,0
2026-07-05T15:39:45.760Z,1773.58,1798.83,1747.13,9.65,1.42,1.49,0
2026-07-05T15:40:45.769Z,1773.76,1798.83,1747.13,9.65,1.41,1.50,0
2026-07-05T15:41:45.766Z,1772.29,1798.83,1747.13,9.65,1.50,1.42,0
2026-07-05T15:42:45.762Z,1770.74,1798.83,1747.13,9.65,1.59,1.33,0
2026-07-05T15:43:45.761Z,1771.17,1798.83,1747.13,9.69,1.56,1.36,0
2026-07-05T15:44:45.761Z,1771.16,1798.83,1747.13,9.69,1.56,1.36,0
2026-07-05T15:45:45.763Z,1769.81,1798.83,1747.13,9.71,1.64,1.28,0
2026-07-05T15:46:45.766Z,1771.22,1798.83,1747.13,9.71,1.56,1.36,0
2026-07-05T15:47:45.762Z,1772.34,1798.83,1747.13,9.71,1.49,1.42,0
2026-07-05T15:48:45.765Z,1772.08,1798.83,1747.13,9.71,1.51,1.41,0
2026-07-05T15:49:45.769Z,1771.91,1798.83,1747.13,9.71,1.52,1.40,0
2026-07-05T15:50:45.769Z,1773.11,1798.83,1747.13,9.71,1.45,1.47,0
2026-07-05T15:51:45.766Z,1773.20,1798.83,1747.13,9.71,1.45,1.47,0
2026-07-05T15:52:45.774Z,1773.87,1798.83,1747.13,9.71,1.41,1.51,0
2026-07-05T15:53:45.766Z,1773.45,1798.83,1747.13,9.71,1.43,1.48,0
2026-07-05T15:54:45.771Z,1773.21,1798.83,1747.13,9.71,1.44,1.47,0
2026-07-05T15:55:45.765Z,1773.36,1798.83,1747.13,9.71,1.44,1.48,0
2026-07-05T15:56:45.774Z,1774.64,1798.83,1747.13,9.71,1.36,1.55,0
2026-07-05T15:57:45.762Z,1774.01,1798.83,1747.13,9.71,1.40,1.52,0
2026-07-05T15:58:45.773Z,1773.40,1798.83,1747.13,9.71,1.43,1.48,0
2026-07-05T15:59:45.764Z,1773.57,1798.83,1747.13,9.71,1.42,1.49,0
2026-07-05T16:00:45.765Z,1773.90,1798.83,1747.13,8.97,1.41,1.51,0
2026-07-05T16:01:45.764Z,1774.28,1798.83,1747.13,9.01,1.38,1.53,0
2026-07-05T16:02:45.772Z,1774.92,1798.83,1747.13,9.09,1.35,1.57,0
2026-07-05T16:03:45.771Z,1775.63,1798.83,1747.13,9.12,1.31,1.61,0
2026-07-05T16:04:45.768Z,1776.10,1798.83,1747.13,9.19,1.28,1.63,0
2026-07-05T16:05:45.770Z,1775.44,1798.83,1747.13,9.19,1.32,1.59,0
2026-07-05T16:06:45.774Z,1773.83,1798.83,1747.13,9.19,1.41,1.51,0
2026-07-05T16:07:45.767Z,1773.70,1798.83,1747.13,9.20,1.42,1.50,0
2026-07-05T16:08:45.773Z,1772.74,1798.83,1747.13,9.22,1.47,1.44,0
2026-07-05T16:09:45.769Z,1772.62,1798.83,1747.13,9.23,1.48,1.44,0
2026-07-05T16:10:45.774Z,1773.93,1798.83,1747.13,9.24,1.40,1.51,0
2026-07-05T16:11:45.775Z,1774.23,1798.83,1747.13,9.24,1.39,1.53,0
2026-07-05T16:12:45.773Z,1774.72,1798.83,1747.13,9.24,1.36,1.55,0
2026-07-05T16:13:45.778Z,1773.96,1798.83,1747.13,9.24,1.40,1.51,0
2026-07-05T16:14:45.775Z,1773.63,1798.83,1747.13,9.24,1.42,1.49,0
2026-07-05T16:15:45.772Z,1773.22,1798.83,1747.13,9.24,1.44,1.47,0
2026-07-05T16:16:45.780Z,1773.31,1798.83,1747.13,9.24,1.44,1.48,0
2026-07-05T16:17:45.774Z,1772.90,1798.83,1747.13,9.24,1.46,1.45,0
2026-07-05T16:18:45.786Z,1772.98,1798.83,1747.13,9.24,1.46,1.46,0
2026-07-05T16:19:45.778Z,1772.98,1798.83,1747.13,9.27,1.46,1.46,0
2026-07-05T16:20:45.775Z,1772.71,1798.83,1747.13,9.27,1.47,1.44,0
2026-07-05T16:21:45.778Z,1771.42,1798.83,1747.13,9.34,1.55,1.37,0
2026-07-05T16:22:45.784Z,1772.54,1798.83,1747.13,9.34,1.48,1.43,0
2026-07-05T16:23:45.781Z,1772.57,1798.83,1747.13,9.34,1.48,1.44,0
2026-07-05T16:24:45.793Z,1772.64,1798.83,1747.13,9.34,1.48,1.44,0
2026-07-05T16:25:45.779Z,1772.32,1798.83,1747.13,9.34,1.50,1.42,0
2026-07-05T16:26:45.782Z,1772.32,1798.83,1747.13,9.34,1.50,1.42,0
2026-07-05T16:27:45.782Z,1772.29,1798.83,1747.13,9.34,1.50,1.42,0
2026-07-05T16:28:45.791Z,1772.03,1798.83,1747.13,9.34,1.51,1.41,0
2026-07-05T16:29:45.785Z,1770.60,1798.83,1747.13,9.37,1.59,1.33,0
2026-07-05T16:30:45.789Z,1769.98,1798.83,1747.13,9.43,1.63,1.29,0
2026-07-05T16:31:45.794Z,1770.43,1798.83,1747.13,9.45,1.60,1.32,0
2026-07-05T16:32:45.795Z,1770.88,1798.83,1747.13,9.45,1.58,1.34,0
2026-07-05T16:33:45.785Z,1771.85,1798.83,1747.13,9.45,1.52,1.40,0
2026-07-05T16:34:45.792Z,1772.35,1798.83,1747.13,9.45,1.49,1.42,0
2026-07-05T16:35:45.797Z,1772.36,1798.83,1747.13,9.45,1.49,1.42,0
2026-07-05T16:36:45.793Z,1772.36,1798.83,1747.13,9.45,1.49,1.42,0
2026-07-05T16:37:45.793Z,1771.74,1798.83,1747.13,9.45,1.53,1.39,0
2026-07-05T16:38:45.794Z,1771.03,1798.83,1747.13,9.45,1.57,1.35,0
2026-07-05T16:39:45.789Z,1770.85,1798.83,1747.13,9.45,1.58,1.34,0
2026-07-05T16:40:45.794Z,1770.54,1798.83,1747.13,9.45,1.60,1.32,0
2026-07-05T16:41:45.794Z,1771.07,1798.83,1747.13,9.45,1.57,1.35,0
2026-07-05T16:42:45.817Z,1770.96,1798.83,1747.13,9.45,1.57,1.35,0
2026-07-05T16:43:45.793Z,1769.50,1798.83,1747.13,9.45,1.66,1.26,0
2026-07-05T16:44:45.793Z,1770.04,1798.83,1747.13,9.45,1.63,1.29,0
2026-07-05T16:45:45.795Z,1770.21,1798.83,1747.13,9.45,1.62,1.30,0
2026-07-05T16:46:45.788Z,1770.49,1798.83,1747.13,9.45,1.60,1.32,0
2026-07-05T16:47:45.795Z,1770.09,1798.83,1747.13,9.45,1.62,1.30,0
2026-07-05T16:48:45.792Z,1770.33,1798.83,1747.13,9.45,1.61,1.31,0
2026-07-05T16:49:45.793Z,1771.00,1798.83,1747.13,9.45,1.57,1.35,0
2026-07-05T16:50:45.807Z,1770.88,1798.83,1747.13,9.45,1.58,1.34,0
2026-07-05T16:51:45.797Z,1770.79,1798.83,1747.13,9.45,1.58,1.34,0
2026-07-05T16:52:45.800Z,1770.73,1798.83,1747.13,9.45,1.59,1.33,0
2026-07-05T16:53:45.803Z,1771.06,1798.83,1747.13,9.45,1.57,1.35,0
2026-07-05T16:54:45.800Z,1771.16,1798.83,1747.13,9.45,1.56,1.36,0
2026-07-05T16:55:45.801Z,1771.73,1798.83,1747.13,9.45,1.53,1.39,0
2026-07-05T16:56:45.798Z,1771.41,1798.83,1747.13,9.45,1.55,1.37,0
2026-07-05T16:57:45.802Z,1772.74,1798.83,1747.13,9.45,1.47,1.44,0
2026-07-05T16:58:45.802Z,1771.99,1798.83,1747.13,9.45,1.51,1.40,0
2026-07-05T16:59:45.801Z,1772.82,1798.83,1747.13,9.45,1.47,1.45,0
2026-07-05T17:00:45.803Z,1773.63,1798.83,1747.13,9.12,1.42,1.49,0
2026-07-05T17:01:45.794Z,1773.67,1798.83,1747.13,9.12,1.42,1.50,0
2026-07-05T17:02:45.800Z,1773.55,1798.83,1747.13,9.14,1.43,1.49,0
2026-07-05T17:03:45.805Z,1773.89,1798.83,1747.13,9.16,1.41,1.51,0
2026-07-05T17:04:45.957Z,1774.49,1798.83,1747.13,9.17,1.37,1.54,0
2026-07-05T17:05:45.803Z,1775.28,1798.83,1747.13,9.30,1.33,1.59,0
2026-07-05T17:06:45.804Z,1775.04,1798.83,1747.13,9.30,1.34,1.57,0
2026-07-05T17:07:45.808Z,1776.30,1798.83,1747.13,9.30,1.27,1.64,0
2026-07-05T17:08:45.812Z,1776.00,1798.83,1747.13,9.30,1.29,1.63,0
2026-07-05T17:09:45.803Z,1775.81,1798.83,1747.13,9.30,1.30,1.62,0
2026-07-05T17:10:45.802Z,1776.20,1798.83,1747.13,9.31,1.27,1.64,0
2026-07-05T17:11:45.824Z,1776.13,1798.83,1747.13,9.31,1.28,1.63,0
2026-07-05T17:12:45.807Z,1775.38,1798.83,1747.13,9.31,1.32,1.59,0
2026-07-05T17:13:45.816Z,1775.77,1798.83,1747.13,9.31,1.30,1.61,0
2026-07-05T17:14:45.813Z,1775.69,1798.83,1747.13,9.31,1.30,1.61,0
2026-07-05T17:15:45.812Z,1775.93,1798.83,1747.13,9.31,1.29,1.62,0
2026-07-05T17:16:45.819Z,1775.80,1798.83,1747.13,9.31,1.30,1.61,0
2026-07-05T17:17:45.808Z,1776.59,1798.83,1747.13,9.32,1.25,1.66,0
2026-07-05T17:18:45.817Z,1775.84,1798.83,1747.13,9.37,1.29,1.62,0
2026-07-05T17:19:45.816Z,1775.91,1798.83,1747.13,9.37,1.29,1.62,0
2026-07-05T17:20:45.819Z,1776.30,1798.83,1747.13,9.37,1.27,1.64,0
2026-07-05T17:21:45.817Z,1775.60,1798.83,1747.13,9.37,1.31,1.60,0
2026-07-05T17:22:45.829Z,1775.52,1798.83,1747.13,9.37,1.31,1.60,0
2026-07-05T17:23:45.817Z,1781.88,1798.83,1747.13,9.99,0.95,1.95,0
2026-07-05T17:24:45.818Z,1783.52,1798.83,1747.13,9.99,0.86,2.04,0
2026-07-05T17:25:45.818Z,1780.16,1798.83,1747.13,9.99,1.05,1.86,0
2026-07-05T17:26:45.819Z,1779.99,1798.83,1747.13,9.99,1.06,1.85,0
2026-07-05T17:27:45.813Z,1780.01,1798.83,1747.13,9.99,1.06,1.85,0
2026-07-05T17:28:45.822Z,1778.17,1798.83,1747.13,9.99,1.16,1.75,0
2026-07-05T17:29:45.815Z,1778.14,1798.83,1747.13,9.99,1.16,1.74,0
2026-07-05T17:30:45.819Z,1778.57,1798.83,1747.13,9.99,1.14,1.77,0
2026-07-05T17:31:45.818Z,1779.04,1798.83,1747.13,9.99,1.11,1.79,0
2026-07-05T17:32:45.818Z,1777.02,1798.83,1747.13,9.99,1.23,1.68,0
2026-07-05T17:33:45.821Z,1778.92,1798.83,1747.13,9.99,1.12,1.79,0
2026-07-05T17:34:45.825Z,1779.23,1798.83,1747.13,9.99,1.10,1.80,0
2026-07-05T17:35:45.817Z,1778.74,1798.83,1747.13,9.99,1.13,1.78,0
2026-07-05T17:36:45.820Z,1779.73,1798.83,1747.13,9.99,1.07,1.83,0
2026-07-05T17:37:45.823Z,1781.55,1798.83,1747.13,9.99,0.97,1.93,0
2026-07-05T17:38:45.818Z,1780.94,1798.83,1747.13,9.99,1.00,1.90,0
2026-07-05T17:39:45.823Z,1781.37,1798.83,1747.13,9.99,0.98,1.92,0
2026-07-05T17:40:45.818Z,1781.07,1798.83,1747.13,9.99,1.00,1.91,0
2026-07-05T17:41:45.824Z,1781.14,1798.83,1747.13,9.99,0.99,1.91,0
2026-07-05T17:42:45.824Z,1780.33,1798.83,1747.13,9.99,1.04,1.86,0
2026-07-05T17:43:45.819Z,1778.41,1798.83,1747.13,9.99,1.15,1.76,0
2026-07-05T17:44:45.823Z,1776.61,1798.83,1747.13,9.99,1.25,1.66,0
2026-07-05T17:45:45.819Z,1777.01,1798.83,1747.13,9.99,1.23,1.68,0
2026-07-05T17:46:45.825Z,1777.46,1798.83,1747.13,9.99,1.20,1.71,0
2026-07-05T17:47:45.822Z,1779.12,1798.83,1747.13,9.99,1.11,1.80,0
2026-07-05T17:48:45.825Z,1779.14,1798.83,1747.13,9.99,1.11,1.80,0
2026-07-05T17:49:45.817Z,1779.05,1798.83,1747.13,9.99,1.11,1.79,0
2026-07-05T17:50:45.821Z,1778.92,1798.83,1747.13,9.99,1.12,1.79,0
2026-07-05T17:51:45.824Z,1778.50,1798.83,1747.13,9.99,1.14,1.76,0
2026-07-05T17:52:45.831Z,1776.99,1798.83,1747.13,9.99,1.23,1.68,0
2026-07-05T17:53:45.828Z,1777.35,1798.83,1747.13,9.99,1.21,1.70,0
2026-07-05T17:54:45.825Z,1777.31,1798.83,1747.13,9.99,1.21,1.70,0
2026-07-05T17:55:45.826Z,1777.61,1798.83,1747.13,9.99,1.19,1.71,0
2026-07-05T17:56:45.828Z,1777.58,1798.83,1747.13,9.99,1.20,1.71,0
2026-07-05T17:57:45.823Z,1778.48,1798.83,1747.13,9.99,1.14,1.76,0
2026-07-05T17:58:45.827Z,1779.13,1798.83,1747.13,9.99,1.11,1.80,0
2026-07-05T17:59:45.829Z,1778.87,1798.83,1747.13,9.99,1.12,1.78,0
2026-07-05T18:00:45.838Z,1778.99,1798.83,1748.64,9.13,1.12,1.71,0
2026-07-05T18:01:45.831Z,1778.33,1798.83,1748.64,9.16,1.15,1.67,0
2026-07-05T18:02:45.826Z,1778.99,1798.83,1748.64,9.16,1.12,1.71,0
2026-07-05T18:03:45.828Z,1779.31,1798.83,1748.64,9.17,1.10,1.72,0
2026-07-05T18:04:45.830Z,1778.45,1798.83,1748.64,9.19,1.15,1.68,0
2026-07-05T18:05:45.830Z,1779.66,1798.83,1748.64,9.23,1.08,1.74,0
2026-07-05T18:06:45.830Z,1779.75,1798.83,1748.64,9.23,1.07,1.75,0
2026-07-05T18:07:45.830Z,1779.93,1798.83,1748.64,9.26,1.06,1.76,0
2026-07-05T18:08:45.829Z,1779.00,1798.83,1748.64,9.26,1.11,1.71,0
2026-07-05T18:09:45.829Z,1778.24,1798.83,1748.64,9.28,1.16,1.66,0
2026-07-05T18:10:45.838Z,1779.39,1798.83,1748.64,9.28,1.09,1.73,0
2026-07-05T18:11:45.831Z,1778.72,1798.83,1748.64,9.28,1.13,1.69,0
2026-07-05T18:12:45.835Z,1778.20,1798.83,1748.64,9.28,1.16,1.66,0
2026-07-05T18:13:45.831Z,1777.82,1798.83,1748.64,9.28,1.18,1.64,0
2026-07-05T18:14:45.834Z,1777.33,1798.83,1748.64,9.35,1.21,1.61,0
2026-07-05T18:15:45.834Z,1778.04,1798.83,1748.64,9.35,1.17,1.65,0
2026-07-05T18:16:45.837Z,1779.57,1798.83,1748.64,9.35,1.08,1.74,0
2026-07-05T18:17:45.831Z,1778.35,1798.83,1748.64,9.35,1.15,1.67,0
2026-07-05T18:18:45.832Z,1778.30,1798.83,1748.64,9.35,1.15,1.67,0
2026-07-05T18:19:45.840Z,1778.53,1798.83,1748.64,9.35,1.14,1.68,0
2026-07-05T18:20:45.842Z,1778.84,1798.83,1748.64,9.35,1.12,1.70,0
2026-07-05T18:21:45.836Z,1778.25,1798.83,1748.64,9.35,1.16,1.67,0
2026-07-05T18:22:45.837Z,1778.83,1798.83,1748.64,9.35,1.12,1.70,0
2026-07-05T18:23:45.837Z,1778.82,1798.83,1748.64,9.35,1.12,1.70,0
2026-07-05T18:24:45.840Z,1778.59,1798.83,1748.64,9.35,1.14,1.68,0
2026-07-05T18:25:45.837Z,1779.55,1798.83,1748.64,9.35,1.08,1.74,0
2026-07-05T18:26:45.838Z,1780.22,1798.83,1748.64,9.35,1.05,1.77,0
2026-07-05T18:27:45.855Z,1780.10,1798.83,1748.64,9.35,1.05,1.77,0
2026-07-05T18:28:45.841Z,1779.62,1798.83,1748.64,9.35,1.08,1.74,0
2026-07-05T18:29:45.840Z,1778.72,1798.83,1748.64,9.35,1.13,1.69,0
2026-07-05T18:30:45.844Z,1779.08,1798.83,1748.64,9.35,1.11,1.71,0
2026-07-05T18:31:45.842Z,1779.72,1798.83,1748.64,9.35,1.07,1.75,0
2026-07-05T18:32:45.843Z,1778.76,1798.83,1748.64,9.35,1.13,1.69,0
2026-07-05T18:33:45.842Z,1778.74,1798.83,1748.64,9.35,1.13,1.69,0
2026-07-05T18:34:45.844Z,1778.88,1798.83,1748.64,9.35,1.12,1.70,0
2026-07-05T18:35:45.841Z,1777.93,1798.83,1748.64,9.35,1.18,1.65,0
2026-07-05T18:36:45.847Z,1778.14,1798.83,1748.64,9.35,1.16,1.66,0
2026-07-05T18:37:45.846Z,1778.26,1798.83,1748.64,9.35,1.16,1.67,0
2026-07-05T18:38:45.839Z,1778.31,1798.83,1748.64,9.35,1.15,1.67,0
2026-07-05T18:39:45.840Z,1779.85,1798.83,1748.64,9.35,1.07,1.75,0
2026-07-05T18:40:45.843Z,1780.32,1798.83,1748.64,9.38,1.04,1.78,0
2026-07-05T18:41:45.844Z,1780.22,1798.83,1748.64,9.38,1.05,1.77,0
2026-07-05T18:42:45.841Z,1780.08,1798.83,1748.64,9.38,1.05,1.77,0
2026-07-05T18:43:45.845Z,1780.68,1798.83,1748.64,9.38,1.02,1.80,0
2026-07-05T18:44:45.843Z,1780.13,1798.83,1748.64,9.38,1.05,1.77,0
2026-07-05T18:45:45.842Z,1779.23,1798.83,1748.64,9.38,1.10,1.72,0
2026-07-05T18:46:45.846Z,1779.28,1798.83,1748.64,9.38,1.10,1.72,0
2026-07-05T18:47:45.856Z,1779.37,1798.83,1748.64,9.38,1.09,1.73,0
2026-07-05T18:48:45.845Z,1780.21,1798.83,1748.64,9.38,1.05,1.77,0
2026-07-05T18:49:45.848Z,1781.31,1798.83,1748.64,9.42,0.98,1.83,0
2026-07-05T18:50:45.857Z,1781.49,1798.83,1748.64,9.43,0.97,1.84,0
2026-07-05T18:51:45.846Z,1782.24,1798.83,1748.64,9.50,0.93,1.89,0
2026-07-05T18:52:45.848Z,1783.79,1798.83,1748.64,9.77,0.84,1.97,0
2026-07-05T18:53:45.849Z,1783.91,1798.83,1748.64,9.77,0.84,1.98,0
2026-07-05T18:54:45.850Z,1783.45,1798.83,1748.64,9.77,0.86,1.95,0
2026-07-05T18:55:45.851Z,1780.14,1798.83,1748.64,9.77,1.05,1.77,0
2026-07-05T18:56:45.851Z,1781.03,1798.83,1748.64,9.77,1.00,1.82,0
2026-07-05T18:57:45.857Z,1780.66,1798.83,1748.64,9.77,1.02,1.80,0
2026-07-05T18:58:45.855Z,1780.31,1798.83,1748.64,9.77,1.04,1.78,0
2026-07-05T18:59:45.856Z,1780.49,1798.83,1748.64,9.77,1.03,1.79,0
2026-07-05T19:00:45.850Z,1780.59,1798.83,1753.14,9.25,1.02,1.54,0
2026-07-05T19:01:45.852Z,1780.18,1798.83,1753.14,9.28,1.05,1.52,0
2026-07-05T19:02:45.869Z,1781.17,1798.83,1753.14,9.34,0.99,1.57,0
2026-07-05T19:03:45.854Z,1783.25,1798.83,1753.14,9.48,0.87,1.69,0
2026-07-05T19:04:45.854Z,1782.65,1798.83,1753.14,9.48,0.91,1.66,0
2026-07-05T19:05:45.853Z,1782.99,1798.83,1753.14,9.48,0.89,1.67,0
2026-07-05T19:06:45.855Z,1781.83,1798.83,1753.14,9.48,0.95,1.61,0
2026-07-05T19:07:45.853Z,1781.90,1798.83,1753.14,9.48,0.95,1.61,0
2026-07-05T19:08:45.860Z,1781.99,1798.83,1753.14,9.48,0.95,1.62,0
2026-07-05T19:09:45.857Z,1781.30,1798.83,1753.14,9.48,0.98,1.58,0
2026-07-05T19:10:45.854Z,1781.63,1798.83,1753.14,9.48,0.97,1.60,0
2026-07-05T19:11:45.855Z,1782.07,1798.83,1753.14,9.48,0.94,1.62,0
2026-07-05T19:12:45.859Z,1782.89,1798.83,1753.14,9.48,0.89,1.67,0
2026-07-05T19:13:45.854Z,1783.21,1798.83,1753.14,9.48,0.88,1.69,0
2026-07-05T19:14:45.857Z,1782.61,1798.83,1753.14,9.48,0.91,1.65,0
2026-07-05T19:15:45.871Z,1783.63,1798.83,1753.14,9.51,0.85,1.71,0
2026-07-05T19:16:45.868Z,1783.18,1798.83,1753.14,9.51,0.88,1.68,0
2026-07-05T19:17:45.856Z,1781.87,1798.83,1753.14,9.51,0.95,1.61,0
2026-07-05T19:18:45.859Z,1781.87,1798.83,1753.14,9.51,0.95,1.61,0
2026-07-05T19:19:45.864Z,1782.42,1798.83,1753.14,9.51,0.92,1.64,0
2026-07-05T19:20:45.867Z,1782.03,1798.83,1753.14,9.51,0.94,1.62,0
2026-07-05T19:21:45.863Z,1781.90,1798.83,1753.14,9.51,0.95,1.61,0
2026-07-05T19:22:45.860Z,1781.46,1798.83,1753.14,9.51,0.98,1.59,0
2026-07-05T19:23:45.864Z,1781.12,1798.83,1753.14,9.51,0.99,1.57,0
2026-07-05T19:24:45.861Z,1780.12,1798.83,1753.14,9.51,1.05,1.52,0
2026-07-05T19:25:45.861Z,1777.57,1798.83,1753.14,9.67,1.20,1.37,0
2026-07-05T19:26:45.863Z,1778.01,1798.83,1753.14,9.72,1.17,1.40,0
2026-07-05T19:27:45.866Z,1777.87,1798.83,1753.14,9.72,1.18,1.39,0
2026-07-05T19:28:45.864Z,1778.42,1798.83,1753.14,9.72,1.15,1.42,0
2026-07-05T19:29:45.869Z,1778.82,1798.83,1753.14,9.72,1.12,1.44,0
2026-07-05T19:30:45.867Z,1779.13,1798.83,1753.14,9.72,1.11,1.46,0
2026-07-05T19:31:45.860Z,1780.50,1798.83,1753.14,9.72,1.03,1.54,0
2026-07-05T19:32:45.864Z,1781.01,1798.83,1753.14,9.72,1.00,1.56,0
2026-07-05T19:33:45.861Z,1781.10,1798.83,1753.14,9.72,1.00,1.57,0
2026-07-05T19:34:45.877Z,1781.29,1798.83,1753.14,9.72,0.98,1.58,0
2026-07-05T19:35:45.865Z,1780.67,1798.83,1753.14,9.72,1.02,1.55,0
2026-07-05T19:36:45.866Z,1780.61,1798.83,1753.14,9.72,1.02,1.54,0
2026-07-05T19:37:45.866Z,1780.90,1798.83,1753.14,9.72,1.01,1.56,0
2026-07-05T19:38:45.867Z,1781.17,1798.83,1753.14,9.72,0.99,1.57,0
2026-07-05T19:39:45.865Z,1780.96,1798.83,1753.14,9.72,1.00,1.56,0
2026-07-05T19:40:45.869Z,1780.70,1798.83,1753.14,9.72,1.02,1.55,0
2026-07-05T19:41:45.867Z,1780.72,1798.83,1753.14,9.72,1.02,1.55,0
2026-07-05T19:42:45.869Z,1780.49,1798.83,1753.14,9.72,1.03,1.54,0
2026-07-05T19:43:45.868Z,1780.17,1798.83,1753.14,9.72,1.05,1.52,0
2026-07-05T19:44:45.870Z,1781.04,1798.83,1753.14,9.72,1.00,1.57,0
2026-07-05T19:45:45.866Z,1780.90,1798.83,1753.14,9.72,1.01,1.56,0
2026-07-05T19:46:45.865Z,1780.91,1798.83,1753.14,9.72,1.01,1.56,0
2026-07-05T19:47:45.867Z,1781.33,1798.83,1753.14,9.72,0.98,1.58,0
2026-07-05T19:48:45.867Z,1781.17,1798.83,1753.14,9.72,0.99,1.57,0
2026-07-05T19:49:45.875Z,1781.81,1798.83,1753.14,9.72,0.96,1.61,0
2026-07-05T19:50:45.877Z,1780.60,1798.83,1753.14,9.72,1.02,1.54,0
2026-07-05T19:51:45.873Z,1780.65,1798.83,1753.14,9.72,1.02,1.54,0
2026-07-05T19:52:45.872Z,1780.01,1798.83,1753.14,9.72,1.06,1.51,0
2026-07-05T19:53:45.872Z,1780.12,1798.83,1753.14,9.72,1.05,1.52,0
2026-07-05T19:54:45.870Z,1779.90,1798.83,1753.14,9.72,1.06,1.50,0
2026-07-05T19:55:45.869Z,1779.84,1798.83,1753.14,9.72,1.07,1.50,0
2026-07-05T19:56:45.871Z,1779.70,1798.83,1753.14,9.72,1.07,1.49,0
2026-07-05T19:57:45.873Z,1780.22,1798.83,1753.14,9.72,1.05,1.52,0
2026-07-05T19:58:45.874Z,1780.23,1798.83,1753.14,9.72,1.04,1.52,0
2026-07-05T19:59:45.876Z,1780.67,1798.83,1753.14,9.72,1.02,1.55,0
2026-07-05T20:00:45.876Z,1780.82,1798.83,1753.98,9.30,1.01,1.51,0
2026-07-05T20:01:45.876Z,1780.46,1798.83,1753.98,9.33,1.03,1.49,0
2026-07-05T20:02:45.873Z,1780.32,1798.83,1753.98,9.33,1.04,1.48,0
2026-07-05T20:03:45.875Z,1780.05,1798.83,1753.98,9.35,1.06,1.46,0
2026-07-05T20:04:45.876Z,1779.60,1798.83,1753.98,9.37,1.08,1.44,0
2026-07-05T20:05:45.881Z,1779.67,1798.83,1753.98,9.39,1.08,1.44,0
2026-07-05T20:06:45.877Z,1780.55,1798.83,1753.98,9.39,1.03,1.49,0
2026-07-05T20:07:45.884Z,1781.27,1798.83,1753.98,9.40,0.99,1.53,0
2026-07-05T20:08:45.880Z,1780.72,1798.83,1753.98,9.40,1.02,1.50,0
2026-07-05T20:09:45.885Z,1781.77,1798.83,1753.98,9.51,0.96,1.56,0
2026-07-05T20:10:45.885Z,1780.86,1798.83,1753.98,9.51,1.01,1.51,0
2026-07-05T20:11:45.883Z,1781.19,1798.83,1753.98,9.51,0.99,1.53,0
2026-07-05T20:12:45.887Z,1781.38,1798.83,1753.98,9.51,0.98,1.54,0
2026-07-05T20:13:45.889Z,1780.97,1798.83,1753.98,9.51,1.00,1.52,0
2026-07-05T20:14:45.890Z,1780.28,1798.83,1753.98,9.51,1.04,1.48,0
2026-07-05T20:15:45.889Z,1780.70,1798.83,1753.98,9.51,1.02,1.50,0
2026-07-05T20:16:45.890Z,1780.74,1798.83,1753.98,9.51,1.02,1.50,0
2026-07-05T20:17:45.891Z,1780.07,1798.83,1753.98,9.51,1.05,1.47,0
2026-07-05T20:18:45.898Z,1778.81,1798.83,1753.98,9.56,1.13,1.40,0
2026-07-05T20:19:45.890Z,1777.24,1798.83,1753.98,9.69,1.21,1.31,0
2026-07-05T20:20:45.890Z,1778.05,1798.83,1753.98,9.69,1.17,1.35,0
2026-07-05T20:21:45.898Z,1778.58,1798.83,1753.98,9.69,1.14,1.38,0
2026-07-05T20:22:45.894Z,1778.94,1798.83,1753.98,9.69,1.12,1.40,0
2026-07-05T20:23:45.894Z,1778.79,1798.83,1753.98,9.69,1.13,1.39,0
2026-07-05T20:24:45.896Z,1778.92,1798.83,1753.98,9.69,1.12,1.40,0
2026-07-05T20:25:45.896Z,1778.22,1798.83,1753.98,9.69,1.16,1.36,0
2026-07-05T20:26:45.895Z,1776.47,1798.83,1753.98,9.82,1.26,1.27,0
2026-07-05T20:27:45.895Z,1776.63,1798.83,1753.98,9.82,1.25,1.27,0
2026-07-05T20:28:45.894Z,1775.90,1798.83,1753.98,9.82,1.29,1.23,0
2026-07-05T20:29:45.898Z,1776.80,1798.83,1753.98,9.82,1.24,1.28,0
2026-07-05T20:30:45.899Z,1776.67,1798.83,1753.98,9.82,1.25,1.28,0
2026-07-05T20:31:45.903Z,1776.98,1798.83,1753.98,9.82,1.23,1.29,0
2026-07-05T20:32:45.904Z,1776.69,1798.83,1753.98,9.82,1.25,1.28,0
2026-07-05T20:33:45.921Z,1776.20,1798.83,1753.98,9.82,1.27,1.25,0
2026-07-05T20:34:45.916Z,1776.68,1798.83,1753.98,9.82,1.25,1.28,0
2026-07-05T20:35:45.913Z,1776.67,1798.83,1753.98,9.82,1.25,1.28,0
2026-07-05T20:36:45.916Z,1776.29,1798.83,1753.98,9.82,1.27,1.26,0
2026-07-05T20:37:45.917Z,1775.87,1798.83,1753.98,9.82,1.29,1.23,0
2026-07-05T20:38:45.915Z,1776.32,1798.83,1753.98,9.82,1.27,1.26,0
2026-07-05T20:39:45.919Z,1776.90,1798.83,1753.98,9.82,1.23,1.29,0
2026-07-05T20:40:45.923Z,1776.39,1798.83,1753.98,9.82,1.26,1.26,0
2026-07-05T20:41:45.938Z,1776.31,1798.83,1753.98,9.82,1.27,1.26,0
2026-07-05T20:42:45.924Z,1776.14,1798.83,1753.98,9.82,1.28,1.25,0
2026-07-05T20:43:45.927Z,1776.30,1798.83,1753.98,9.82,1.27,1.26,0
2026-07-05T20:44:45.920Z,1776.88,1798.83,1753.98,9.82,1.24,1.29,0
2026-07-05T20:45:45.924Z,1777.01,1798.83,1753.98,9.82,1.23,1.30,0
2026-07-05T20:46:45.920Z,1777.20,1798.83,1753.98,9.82,1.22,1.31,0
2026-07-05T20:47:45.922Z,1777.12,1798.83,1753.98,9.82,1.22,1.30,0
2026-07-05T20:48:45.924Z,1777.33,1798.83,1753.98,9.82,1.21,1.31,0
2026-07-05T20:49:45.921Z,1776.94,1798.83,1753.98,9.82,1.23,1.29,0
2026-07-05T20:50:45.925Z,1777.08,1798.83,1753.98,9.82,1.22,1.30,0
2026-07-05T20:51:45.925Z,1777.38,1798.83,1753.98,9.82,1.21,1.32,0
2026-07-05T20:52:45.923Z,1776.93,1798.83,1753.98,9.82,1.23,1.29,0
2026-07-05T20:53:45.927Z,1777.14,1798.83,1753.98,9.82,1.22,1.30,0
2026-07-05T20:54:45.927Z,1776.92,1798.83,1753.98,9.82,1.23,1.29,0
2026-07-05T20:55:45.924Z,1777.21,1798.83,1753.98,9.82,1.22,1.31,0
2026-07-05T20:56:45.932Z,1777.10,1798.83,1753.98,9.82,1.22,1.30,0
2026-07-05T20:57:45.928Z,1776.87,1798.83,1753.98,9.82,1.24,1.29,0
2026-07-05T20:58:45.925Z,1776.85,1798.83,1753.98,9.82,1.24,1.29,0
2026-07-05T20:59:45.927Z,1776.62,1798.83,1753.98,9.82,1.25,1.27,0
2026-07-05T21:00:45.925Z,1776.17,1798.83,1753.98,9.11,1.28,1.25,0
2026-07-05T21:01:45.929Z,1773.72,1798.83,1753.98,9.39,1.42,1.11,0
2026-07-05T21:02:45.927Z,1773.00,1798.83,1753.98,9.39,1.46,1.07,0
2026-07-05T21:03:45.924Z,1773.70,1798.83,1753.98,9.39,1.42,1.11,0
2026-07-05T21:04:45.928Z,1773.95,1798.83,1753.98,9.39,1.40,1.13,0
2026-07-05T21:05:45.931Z,1773.00,1798.83,1753.98,9.39,1.46,1.07,0
2026-07-05T21:06:45.930Z,1771.97,1798.83,1753.98,9.48,1.52,1.02,0
2026-07-05T21:07:45.932Z,1770.39,1798.83,1753.98,9.51,1.61,0.93,0
2026-07-05T21:08:45.931Z,1769.86,1798.83,1753.98,9.68,1.64,0.90,0
2026-07-05T21:09:45.928Z,1768.67,1798.83,1753.98,9.68,1.71,0.83,0
2026-07-05T21:10:45.937Z,1771.61,1798.83,1753.98,9.68,1.54,1.00,0
2026-07-05T21:11:45.927Z,1771.52,1798.83,1753.98,9.68,1.54,0.99,0
2026-07-05T21:12:45.935Z,1772.38,1798.83,1753.98,9.68,1.49,1.04,0
2026-07-05T21:13:45.934Z,1772.41,1798.83,1753.98,9.68,1.49,1.04,0
2026-07-05T21:14:45.933Z,1772.39,1798.83,1753.98,9.68,1.49,1.04,0
2026-07-05T21:15:45.936Z,1771.93,1798.83,1753.98,9.68,1.52,1.01,0
2026-07-05T21:16:45.930Z,1772.85,1798.83,1753.98,9.68,1.47,1.06,0
2026-07-05T21:17:45.935Z,1773.69,1798.83,1753.98,9.68,1.42,1.11,0
2026-07-05T21:18:45.935Z,1775.08,1798.83,1753.98,9.68,1.34,1.19,0
2026-07-05T21:19:45.935Z,1777.41,1798.83,1753.98,9.74,1.21,1.32,0
2026-07-05T21:20:45.936Z,1778.74,1798.83,1753.98,9.90,1.13,1.39,0
2026-07-05T21:21:45.943Z,1778.16,1798.83,1753.98,9.90,1.16,1.36,0
2026-07-05T21:22:45.938Z,1778.66,1798.83,1753.98,9.90,1.13,1.39,0
2026-07-05T21:23:45.938Z,1780.75,1798.83,1753.98,10.15,1.02,1.50,0
2026-07-05T21:24:45.935Z,1778.50,1798.83,1753.98,10.15,1.14,1.38,0
2026-07-05T21:25:45.940Z,1778.06,1798.83,1753.98,10.15,1.17,1.35,0
2026-07-05T21:26:45.937Z,1779.37,1798.83,1753.98,10.15,1.09,1.43,0
2026-07-05T21:27:45.941Z,1778.87,1798.83,1753.98,10.15,1.12,1.40,0
2026-07-05T21:28:45.941Z,1779.87,1798.83,1753.98,10.15,1.07,1.45,0
2026-07-05T21:29:45.938Z,1780.12,1798.83,1753.98,10.15,1.05,1.47,0
2026-07-05T21:30:45.941Z,1784.12,1798.83,1753.98,10.22,0.82,1.69,0
2026-07-05T21:31:45.941Z,1780.89,1798.83,1753.98,10.33,1.01,1.51,0
2026-07-05T21:32:45.941Z,1781.11,1798.83,1753.98,10.33,0.99,1.52,0
2026-07-05T21:33:45.950Z,1781.32,1798.83,1753.98,10.33,0.98,1.53,0
2026-07-05T21:34:45.942Z,1780.60,1798.83,1753.98,10.33,1.02,1.50,0
2026-07-05T21:35:45.946Z,1778.21,1798.83,1753.98,10.33,1.16,1.36,0
2026-07-05T21:36:45.945Z,1780.17,1798.83,1753.98,10.33,1.05,1.47,0
2026-07-05T21:37:45.945Z,1779.64,1798.83,1753.98,10.33,1.08,1.44,0
2026-07-05T21:38:45.942Z,1779.83,1798.83,1753.98,10.33,1.07,1.45,0
2026-07-05T21:39:45.943Z,1779.51,1798.83,1753.98,10.33,1.09,1.43,0
2026-07-05T21:40:45.941Z,1779.93,1798.83,1753.98,10.33,1.06,1.46,0
2026-07-05T21:41:45.943Z,1780.03,1798.83,1753.98,10.33,1.06,1.46,0
2026-07-05T21:42:45.946Z,1779.77,1798.83,1753.98,10.33,1.07,1.45,0
2026-07-05T21:43:45.943Z,1781.27,1798.83,1753.98,10.33,0.99,1.53,0
2026-07-05T21:44:45.945Z,1782.60,1798.83,1753.98,10.33,0.91,1.61,0
2026-07-05T21:45:45.945Z,1783.08,1798.83,1753.98,10.33,0.88,1.63,0
2026-07-05T21:46:45.952Z,1781.82,1798.83,1753.98,10.33,0.95,1.56,0
2026-07-05T21:47:45.946Z,1781.96,1798.83,1753.98,10.33,0.95,1.57,0
2026-07-05T21:48:45.943Z,1781.58,1798.83,1753.98,10.33,0.97,1.55,0
2026-07-05T21:49:45.950Z,1780.98,1798.83,1753.98,10.33,1.00,1.52,0
2026-07-05T21:50:45.949Z,1780.47,1798.83,1753.98,10.33,1.03,1.49,0
2026-07-05T21:51:45.947Z,1781.00,1798.83,1753.98,10.33,1.00,1.52,0
2026-07-05T21:52:45.953Z,1780.57,1798.83,1753.98,10.33,1.03,1.49,0
2026-07-05T21:53:45.953Z,1781.10,1798.83,1753.98,10.33,1.00,1.52,0
2026-07-05T21:54:45.952Z,1781.49,1798.83,1753.98,10.33,0.97,1.54,0
2026-07-05T21:55:45.950Z,1786.03,1798.83,1753.98,10.46,0.72,1.79,0
2026-07-05T21:56:45.952Z,1791.34,1798.83,1753.98,10.85,0.42,2.09,0
2026-07-05T21:57:45.951Z,1789.01,1798.83,1753.98,10.85,0.55,1.96,0
2026-07-05T21:58:45.955Z,1788.12,1798.83,1753.98,10.85,0.60,1.91,0
2026-07-05T21:59:45.976Z,1786.09,1798.83,1753.98,10.85,0.71,1.80,0
2026-07-05T22:00:45.957Z,1784.90,1798.83,1753.98,10.60,0.78,1.73,0
2026-07-05T22:01:45.959Z,1784.98,1798.83,1753.98,10.60,0.78,1.74,0
2026-07-05T22:02:45.952Z,1784.58,1798.83,1753.98,10.60,0.80,1.71,0
2026-07-05T22:03:45.957Z,1789.54,1798.83,1753.98,10.84,0.52,1.99,0
2026-07-05T22:04:45.960Z,1785.36,1798.83,1753.98,10.84,0.75,1.76,0
2026-07-05T22:05:45.963Z,1785.65,1798.83,1753.98,10.84,0.74,1.77,0
2026-07-05T22:06:45.958Z,1787.20,1798.83,1753.98,10.84,0.65,1.86,0
2026-07-05T22:07:45.959Z,1787.09,1798.83,1753.98,10.84,0.66,1.85,0
2026-07-05T22:08:45.960Z,1786.37,1798.83,1753.98,10.84,0.70,1.81,0
2026-07-05T22:09:45.959Z,1787.17,1798.83,1753.98,10.84,0.65,1.86,0
2026-07-05T22:10:45.959Z,1787.99,1798.83,1753.98,10.84,0.61,1.90,0
2026-07-05T22:11:45.964Z,1789.48,1798.83,1753.98,10.84,0.52,1.98,0
2026-07-05T22:12:45.964Z,1790.21,1798.83,1753.98,10.90,0.48,2.02,0
2026-07-05T22:13:45.967Z,1791.84,1798.83,1753.98,10.99,0.39,2.11,0
2026-07-05T22:14:45.961Z,1791.26,1798.83,1753.98,11.02,0.42,2.08,0
2026-07-05T22:15:45.964Z,1790.74,1798.83,1753.98,11.02,0.45,2.05,0
2026-07-05T22:16:45.963Z,1794.64,1798.83,1753.98,11.22,0.23,2.27,0
2026-07-05T22:17:45.963Z,1795.90,1798.83,1753.98,11.36,0.16,2.33,0
2026-07-05T22:18:45.964Z,1795.11,1798.83,1753.98,11.36,0.21,2.29,0
2026-07-05T22:19:45.965Z,1794.21,1798.83,1753.98,11.36,0.26,2.24,0
2026-07-05T22:20:45.965Z,1794.29,1798.83,1753.98,11.36,0.25,2.25,0
2026-07-05T22:21:45.967Z,1798.14,1798.83,1753.98,11.68,0.04,2.46,0
2026-07-05T22:22:45.965Z,1798.00,1798.83,1753.98,11.68,0.05,2.45,0
2026-07-05T22:23:45.963Z,1797.18,1798.83,1753.98,11.68,0.09,2.40,0
2026-07-05T22:24:45.966Z,1798.46,1798.83,1753.98,11.68,0.02,2.47,0
2026-07-05T22:25:45.966Z,1797.80,1798.83,1753.98,11.68,0.06,2.44,0
2026-07-05T22:26:45.963Z,1799.79,1798.83,1753.98,11.68,-0.05,2.55,0
2026-07-06T03:33:46.107Z,1774.03,1798.83,1757.27,13.98,1.40,0.94,0
2026-07-06T03:34:46.113Z,1774.15,1798.83,1757.27,13.98,1.39,0.95,0
2026-07-06T03:35:46.115Z,1776.01,1798.83,1757.27,13.98,1.28,1.06,0
2026-07-06T03:36:46.114Z,1778.60,1798.83,1757.27,13.98,1.14,1.20,0
2026-07-06T03:37:46.248Z,1779.22,1798.83,1757.27,13.98,1.10,1.23,0
2026-07-06T03:38:46.116Z,1778.80,1798.83,1757.27,13.98,1.13,1.21,0
2026-07-06T03:39:46.109Z,1778.11,1798.83,1757.27,13.98,1.17,1.17,0
2026-07-06T03:40:46.108Z,1777.36,1798.83,1757.27,13.98,1.21,1.13,0
2026-07-06T03:41:46.109Z,1777.03,1798.83,1757.27,13.98,1.23,1.11,0
2026-07-06T03:42:46.110Z,1776.74,1798.83,1757.27,13.98,1.24,1.10,0
2026-07-06T03:43:46.109Z,1775.52,1798.83,1757.27,13.98,1.31,1.03,0
2026-07-06T03:44:46.116Z,1775.49,1798.83,1757.27,13.98,1.31,1.03,0
2026-07-06T03:45:46.114Z,1776.39,1798.83,1757.27,13.98,1.26,1.08,0
2026-07-06T03:46:46.118Z,1776.60,1798.83,1757.27,13.98,1.25,1.09,0
2026-07-06T03:47:46.116Z,1776.81,1798.83,1757.27,13.98,1.24,1.10,0
2026-07-06T03:48:46.112Z,1777.24,1798.83,1757.27,13.98,1.21,1.12,0
2026-07-06T03:49:46.110Z,1777.17,1798.83,1757.27,13.98,1.22,1.12,0
2026-07-06T03:50:46.120Z,1777.28,1798.83,1757.27,13.98,1.21,1.13,0
2026-07-06T03:51:46.115Z,1776.02,1798.83,1757.27,13.98,1.28,1.06,0
2026-07-06T03:52:46.119Z,1776.41,1798.83,1757.27,13.98,1.26,1.08,0
2026-07-06T03:53:46.117Z,1776.86,1798.83,1757.27,13.98,1.24,1.10,0
2026-07-06T03:54:46.119Z,1777.01,1798.83,1757.27,13.98,1.23,1.11,0
2026-07-06T03:55:46.124Z,1775.88,1798.83,1757.27,13.98,1.29,1.05,0
2026-07-06T03:56:46.120Z,1776.51,1798.83,1757.27,13.98,1.26,1.08,0
2026-07-06T03:57:46.121Z,1776.55,1798.83,1757.27,13.98,1.25,1.09,0
2026-07-06T03:58:46.124Z,1777.96,1798.83,1757.27,13.98,1.17,1.16,0
2026-07-06T03:59:46.123Z,1778.15,1798.83,1757.27,13.98,1.16,1.17,0
2026-07-06T04:00:46.125Z,1779.25,1798.83,1757.37,13.49,1.10,1.23,0
2026-07-06T04:01:46.124Z,1779.51,1798.83,1757.37,13.51,1.09,1.24,0
2026-07-06T04:02:46.126Z,1778.53,1798.83,1757.37,13.56,1.14,1.19,0
2026-07-06T04:03:46.125Z,1779.80,1798.83,1757.37,13.56,1.07,1.26,0
2026-07-06T04:04:46.123Z,1781.16,1798.83,1757.37,13.62,0.99,1.34,0
2026-07-06T04:05:46.132Z,1779.85,1798.83,1757.37,13.66,1.07,1.26,0
2026-07-06T04:06:46.124Z,1779.18,1798.83,1757.37,13.66,1.10,1.23,0
2026-07-06T04:07:46.127Z,1778.31,1798.83,1757.37,13.66,1.15,1.18,0
2026-07-06T04:08:46.130Z,1778.21,1798.83,1757.37,13.66,1.16,1.17,0
2026-07-06T04:09:46.121Z,1776.64,1798.83,1757.37,13.77,1.25,1.08,0
2026-07-06T04:10:46.128Z,1778.19,1798.83,1757.37,13.77,1.16,1.17,0
2026-07-06T04:11:46.128Z,1779.32,1798.83,1757.37,13.77,1.10,1.23,0
2026-07-06T04:12:46.126Z,1779.26,1798.83,1757.37,13.77,1.10,1.23,0
2026-07-06T04:13:46.127Z,1779.35,1798.83,1757.37,13.77,1.09,1.24,0
2026-07-06T04:14:46.129Z,1780.45,1798.83,1757.37,13.77,1.03,1.30,0
2026-07-06T04:15:46.168Z,1779.78,1798.83,1757.37,13.77,1.07,1.26,0
2026-07-06T04:16:46.135Z,1780.30,1798.83,1757.37,13.77,1.04,1.29,0
2026-07-06T04:17:46.134Z,1779.44,1798.83,1757.37,13.77,1.09,1.24,0
2026-07-06T04:18:46.129Z,1780.24,1798.83,1757.37,13.77,1.04,1.28,0
2026-07-06T04:19:46.130Z,1780.94,1798.83,1757.37,13.77,1.00,1.32,0
2026-07-06T04:20:46.131Z,1780.90,1798.83,1757.37,13.77,1.01,1.32,0
2026-07-06T04:21:46.130Z,1780.83,1798.83,1757.37,13.77,1.01,1.32,0
2026-07-06T04:22:46.127Z,1780.76,1798.83,1757.37,13.77,1.01,1.31,0
2026-07-06T04:23:46.131Z,1779.97,1798.83,1757.37,13.77,1.06,1.27,0
2026-07-06T04:24:46.134Z,1779.50,1798.83,1757.37,13.77,1.09,1.24,0
2026-07-06T04:25:46.138Z,1777.06,1798.83,1757.37,13.77,1.23,1.11,0
2026-07-06T04:26:46.126Z,1776.78,1798.83,1757.37,13.77,1.24,1.09,0
2026-07-06T04:27:46.132Z,1776.78,1798.83,1757.37,13.79,1.24,1.09,0
2026-07-06T04:28:46.135Z,1776.09,1798.83,1757.37,13.83,1.28,1.05,0
2026-07-06T04:29:46.131Z,1777.07,1798.83,1757.37,13.83,1.22,1.11,0
2026-07-06T04:30:46.128Z,1777.26,1798.83,1757.37,13.83,1.21,1.12,0
2026-07-06T04:31:46.134Z,1776.27,1798.83,1757.37,13.83,1.27,1.06,0
2026-07-06T04:32:46.131Z,1776.77,1798.83,1757.37,13.85,1.24,1.09,0
2026-07-06T04:33:46.134Z,1777.77,1798.83,1757.37,13.85,1.18,1.15,0
2026-07-06T04:34:46.132Z,1778.59,1798.83,1757.37,13.85,1.14,1.19,0
2026-07-06T04:35:46.136Z,1777.26,1798.83,1757.37,13.85,1.21,1.12,0
2026-07-06T04:36:46.138Z,1778.29,1798.83,1757.37,13.85,1.16,1.18,0
2026-07-06T04:37:46.133Z,1778.58,1798.83,1757.37,13.85,1.14,1.19,0
2026-07-06T04:38:46.138Z,1779.93,1798.83,1757.37,13.85,1.06,1.27,0
2026-07-06T04:39:46.134Z,1780.65,1798.83,1757.37,13.85,1.02,1.31,0
2026-07-06T04:40:46.135Z,1780.47,1798.83,1757.37,13.85,1.03,1.30,0
2026-07-06T04:41:46.305Z,1782.41,1798.83,1757.37,14.08,0.92,1.40,0
2026-07-06T04:42:46.136Z,1783.55,1798.83,1757.37,14.08,0.86,1.47,0
2026-07-06T04:43:46.138Z,1782.87,1798.83,1757.37,14.08,0.90,1.43,0
2026-07-06T04:44:46.135Z,1782.30,1798.83,1757.37,14.08,0.93,1.40,0
2026-07-06T04:45:46.139Z,1781.60,1798.83,1757.37,14.08,0.97,1.36,0
2026-07-06T04:46:46.137Z,1781.18,1798.83,1757.37,14.08,0.99,1.34,0
2026-07-06T04:47:46.138Z,1780.45,1798.83,1757.37,14.08,1.03,1.30,0
2026-07-06T04:48:46.136Z,1780.72,1798.83,1757.37,14.08,1.02,1.31,0
2026-07-06T04:49:46.142Z,1781.61,1798.83,1757.37,14.08,0.97,1.36,0
2026-07-06T04:50:46.140Z,1781.22,1798.83,1757.37,14.08,0.99,1.34,0
2026-07-06T04:51:46.145Z,1781.47,1798.83,1757.37,14.08,0.97,1.35,0
2026-07-06T04:52:46.141Z,1781.46,1798.83,1757.37,14.08,0.98,1.35,0
2026-07-06T04:53:46.169Z,1780.22,1798.83,1757.37,14.08,1.05,1.28,0
2026-07-06T04:54:46.142Z,1780.28,1798.83,1757.37,14.08,1.04,1.29,0
2026-07-06T04:55:46.147Z,1779.90,1798.83,1757.37,14.08,1.06,1.27,0
2026-07-06T04:56:46.154Z,1779.81,1798.83,1757.37,14.08,1.07,1.26,0
2026-07-06T04:57:46.139Z,1779.04,1798.83,1757.37,14.08,1.11,1.22,0
2026-07-06T04:58:46.145Z,1777.27,1798.83,1757.37,14.08,1.21,1.12,0
2026-07-06T04:59:46.148Z,1776.84,1798.83,1757.37,14.08,1.24,1.10,0
